county,month,liter_min,liter_mean,liter_max,gross_profit_min,gross_profit_mean,gross_profit_max
adair,1,0.05,0.7576259946949602,1.75,2.25,30.945517241379314,264.0
adair,2,0.05,0.7186904761904762,1.75,1.2000000000000002,31.956142857142858,360.0
adair,3,0.05,0.7333333333333334,1.75,2.25,29.425940409683427,276.0
adair,4,0.05,0.7055555555555556,1.75,1.75,29.78084541062802,210.0
adair,5,0.05,0.7439843068875327,1.8,2.25,34.057340889276375,172.5
adair,6,0.05,0.7305500982318271,1.75,2.4000000000000004,34.22603143418468,315.0
adair,7,0.05,0.7325413223140496,1.8,2.31,28.700516528925622,138.0
adair,8,0.05,0.6895287958115184,1.75,2.31,31.085602094240837,258.00000000000006
adair,9,0.05,0.7113789237668161,1.8,2.31,34.43448430493274,210.0
adair,10,0.05,0.6989678899082569,1.8,2.25,33.946697247706425,210.0
adair,11,0.05,0.7309938524590165,5.25,2.31,38.64305327868853,444.0
adair,12,0.05,0.7043429844097996,1.75,2.25,36.74487750556793,828.0
adams,1,0.05,0.8262626262626263,1.75,1.62,31.009242424242423,225.0
adams,2,0.05,0.8944010416666667,1.75,1.62,54.58708333333333,2928.75
adams,3,0.05,0.8164959016393443,1.75,0.5,41.10155737704918,330.0
adams,4,0.05,0.8340425531914895,1.75,1.62,43.90984042553191,210.0
adams,5,0.05,0.8598516949152543,1.75,0.5,37.31470338983051,168.0
adams,6,0.05,0.8593959731543624,1.75,1.62,39.55506711409396,315.0
adams,7,0.05,0.8841623036649214,1.75,2.119999999999999,33.79596858638743,180.0
adams,8,0.05,0.8787878787878788,1.75,1.62,37.26134199134199,202.5
adams,9,0.05,0.7957894736842105,1.75,2.39,37.3018947368421,210.0
adams,10,0.05,0.8520833333333333,1.75,1.62,42.515625,231.0
adams,11,0.05,0.869056603773585,1.75,2.39,43.06683018867924,210.0
adams,12,0.05,0.8840047393364929,1.75,2.119999999999999,46.52772511848342,269.5
allamakee,1,0.05,1.0132218844984804,1.75,1.75,38.495547112462006,336.0
allamakee,2,0.05,0.9649769585253457,1.75,0.75,41.901827956989244,586.5
allamakee,3,0.05,1.008399470899471,1.8,1.0,43.92757936507937,3420.0
allamakee,4,0.05,0.9723997028231798,1.75,0.5,38.48313521545319,395.4000000000001
allamakee,5,0.05,0.9978711162255466,1.8,1.0,38.697284234752594,828.0
allamakee,6,0.05,0.9723910840932117,1.8,0.9199999999999996,42.45304964539007,1254.0
allamakee,7,0.05,0.9988191632928475,4.5,1.75,35.10778677462888,395.4000000000001
allamakee,8,0.05,0.9575083426028921,1.8,1.0,37.72012235817575,382.08
allamakee,9,0.05,0.975,1.8,1.0,40.06729487179487,768.0
allamakee,10,0.05,0.9666553133514986,1.8,1.0,41.77275204359673,395.4000000000001
allamakee,11,0.05,0.9857701564380265,1.75,1.0000000000000002,50.51238267148015,3330.0
allamakee,12,0.05,0.9284782608695652,1.75,1.63,39.075093167701866,724.5
appanoose,1,0.02,0.866658615136876,2.25,3.380000000000001,44.757938808373595,204.0
appanoose,2,0.05,0.9415987780040733,1.75,1.25,49.26162932790224,1897.5
appanoose,3,0.05,1.027538247566064,1.75,2.35,50.1952016689847,741.0
appanoose,4,0.05,0.9226661392405063,1.75,3.25,49.47278481012658,1996.8
appanoose,5,0.05,0.9960051546391752,1.75,0.5,50.25878006872853,237.24000000000007
appanoose,6,0.05,0.9574748743718593,1.75,2.35,49.03149497487437,342.0
appanoose,7,0.05,1.0462251655629138,1.75,2.35,59.99856953642384,2652.0
appanoose,8,0.05,0.9902854511970535,1.75,2.880000000000001,50.090589318600365,1710.0
appanoose,9,0.05,0.9696969696969697,2.25,1.8600000000000003,48.41343873517787,600.0
appanoose,10,0.05,1.0257042253521127,1.75,2.63,48.68024144869216,297.0
appanoose,11,0.05,0.9253548387096774,1.75,1.2400000000000002,58.197483870967744,2220.0
appanoose,12,0.05,0.9363105175292153,1.75,0.5,52.512036727879796,1697.28
audubon,1,0.05,0.7497549019607843,1.75,2.0,27.23937908496732,154.8
audubon,2,0.05,0.9059579439252337,1.75,3.25,29.67070093457944,108.0
audubon,3,0.05,0.8317535545023697,1.75,1.17,34.77843601895734,210.0
audubon,4,0.05,0.8313573883161512,1.75,2.35,31.51089347079038,623.5999999999999
audubon,5,0.05,0.847680412371134,1.75,0.9199999999999996,32.92061855670103,315.0
audubon,6,0.05,0.8065899581589958,1.75,1.97,30.68652719665272,802.08
audubon,7,0.05,0.8723345588235294,1.75,2.4399999999999995,30.796911764705882,573.1200000000001
audubon,8,0.05,0.7616869918699187,1.75,1.17,27.54012195121951,311.9999999999999
audubon,9,0.05,0.8901562500000001,1.75,3.0,33.312625,210.0
audubon,10,0.05,0.8317592592592592,1.75,2.42,29.264666666666667,212.39999999999995
audubon,11,0.05,0.8054081632653061,1.75,0.9199999999999996,30.826897959183675,345.0
audubon,12,0.05,0.8381538461538461,1.75,2.4000000000000004,26.976676923076923,234.36
benton,1,0.05,0.8653593508500773,1.75,1.6500000000000004,30.358462132921172,660.0
benton,2,0.02,0.8501939655172414,1.75,1.0700000000000005,32.304561781609195,414.0
benton,3,0.05,0.8439353099730459,1.75,1.25,31.87751347708895,1710.0
benton,4,0.05,0.8175833333333333,1.75,1.63,29.401899999999998,900.0
benton,5,0.02,0.8392484766418415,1.8,1.0000000000000002,31.452417061611374,1710.0
benton,6,0.05,0.8440352397458117,1.75,0.5,30.606967071057195,540.0
benton,7,0.05,0.8246017699115045,1.75,1.6500000000000004,28.03476696165192,1080.0
benton,8,0.02,0.8443865948533812,1.75,1.38,32.715619389587076,6840.0
benton,9,0.05,0.8035970052083333,1.75,0.5,30.426614583333333,2415.0
benton,10,0.05,0.8340601757944558,1.8,1.6500000000000004,33.90655848546315,2415.0
benton,11,0.05,0.8515759698275862,5.25,1.17,38.996681034482755,3774.0
benton,12,0.05,0.8418116376724655,5.25,1.25,31.094469106178767,1497.6
black hawk,1,0.02,0.7506105840369048,2.4,0.8800000000000001,47.087384454695794,6098.340000000001
black hawk,2,0.02,0.7767483686137197,4.5,0.6000000000000001,55.12508992519497,6840.0
black hawk,3,0.02,0.7613529093856963,4.5,0.8800000000000001,55.04028913709242,6840.0
black hawk,4,0.02,0.7522817424379641,2.4,1.0000000000000002,54.74532331099439,7526.399999999998
black hawk,5,0.05,0.7638446514423076,2.4,0.5,52.35321364182692,4243.5
black hawk,6,0.02,0.7594591892383202,2.4,0.49,53.53627704053808,5850.0
black hawk,7,0.05,0.7356794663473872,5.25,0.49,49.557487385615325,4830.0
black hawk,8,0.02,0.7616062002513616,2.4,0.5,53.73485295349811,6840.0
black hawk,9,0.05,0.7557720696781812,5.25,0.5,55.26240429091625,5640.0
black hawk,10,0.05,0.7617754030746157,2.25,0.5,57.340662917135354,10260.0
black hawk,11,0.05,0.7549645557655954,4.5,0.5,57.022224007561434,6660.0
black hawk,12,0.05,0.7570981173062997,5.25,0.5,51.704979724837074,4692.0
boone,1,0.02,0.8631094127111827,2.4,1.99,46.021890587288816,2565.0
boone,2,0.05,0.8412929745889388,2.4,1.0,49.29887144992526,4381.5
boone,3,0.05,0.8454755614266842,2.4,1.16,45.744590488771465,1193.9999999999998
boone,4,0.05,0.8481536926147705,2.4,2.0,38.65387225548902,456.0
boone,5,0.05,0.8917349726775956,4.5,0.5,47.46698770491803,3450.0
boone,6,0.05,0.8092610062893081,2.25,0.6200000000000001,45.21851572327044,5071.5
boone,7,0.05,0.8809449489216798,2.4,1.75,44.475664018161176,2100.0
boone,8,0.05,0.8258809936452917,4.5,1.0,47.78912189485846,1920.0
boone,9,0.05,0.851278409090909,2.4,1.63,41.94416903409091,423.3599999999999
boone,10,0.05,0.839183748169839,4.5,1.67,53.40010248901903,2970.0
boone,11,0.05,0.8185617469879518,5.25,0.9199999999999996,49.71113453815261,3330.0
boone,12,0.05,0.8434839554682384,2.4,1.7400000000000002,51.52855271774722,2625.0
bremer,1,0.05,0.8621601208459214,2.25,1.75,39.0232084592145,1005.0
bremer,2,0.05,0.896569250317662,2.4,1.0,47.96236975857688,2640.0
bremer,3,0.05,0.9093890554722639,2.25,1.25,46.72790104947526,6270.0
bremer,4,0.05,0.8603711066931743,1.8,1.75,42.43553346587144,1050.72
bremer,5,0.05,0.9153067484662577,2.25,1.61,45.45810429447853,1897.5
bremer,6,0.05,0.9110716700473293,2.4,1.7400000000000002,44.73901960784313,3192.0
bremer,7,0.05,0.8567098092643053,1.75,0.5,46.5674727520436,1897.5
bremer,8,0.05,0.9098684210526315,1.75,1.17,44.692789473684215,1710.0
bremer,9,0.05,0.9171195652173914,1.8,1.25,44.82716485507247,594.0
bremer,10,0.05,0.9372955784373107,2.4,2.31,49.896220472440945,2484.0
bremer,11,0.05,0.8941749585406302,2.4,1.97,52.0118407960199,1710.0
bremer,12,0.05,0.881605199516324,2.25,0.6200000000000001,46.702055622732765,517.5
buchanan,1,0.05,0.8459469992205767,4.5,2.05,35.8544505066251,1425.0
buchanan,2,0.05,0.9061675824175823,2.25,1.17,24.596675824175822,2173.5
buchanan,3,0.05,0.8662599601593626,4.5,1.0,35.808964143426294,2939.999999999999
buchanan,4,0.05,0.8130888290713324,4.5,0.5,32.28053835800807,405.0
buchanan,5,0.05,0.8701785714285715,1.75,1.88,39.02657142857143,2173.5
buchanan,6,0.05,0.8302055702917772,1.75,1.5,34.398541114058354,3420.0
buchanan,7,0.05,0.8496449322143318,2.25,1.6500000000000004,34.33369916074887,3060.0
buchanan,8,0.05,0.8351145038167939,2.25,1.17,36.86248515691264,3420.0
buchanan,9,0.05,0.8410037878787879,4.5,1.4000000000000004,44.016420454545454,2939.999999999999
buchanan,10,0.05,0.8556313993174062,2.25,1.95,39.99944027303754,2311.5
buchanan,11,0.05,0.8220203488372092,5.25,1.8399999999999996,48.4302034883721,6660.0
buchanan,12,0.05,0.8686391352549889,5.25,0.5,32.88700110864745,525.0
buena vista,1,0.02,0.8741133333333334,4.5,1.8000000000000005,40.331246666666665,1132.8000000000002
buena vista,2,0.05,0.8916856060606061,1.8,1.2000000000000002,60.890984848484855,4830.0
buena vista,3,0.05,0.9130260942760943,2.25,1.2000000000000002,47.803089225589225,4503.0
buena vista,4,0.05,0.9068563092633114,2.25,0.5,47.8472355944566,1670.8800000000003
buena vista,5,0.05,0.9298235294117648,2.4,1.5,55.423490196078426,4209.0
buena vista,6,0.05,0.8997133497133497,4.5,1.8000000000000005,52.19698607698608,3420.0
buena vista,7,0.05,0.9578215317919075,1.8,1.0,48.91023843930636,2070.0
buena vista,8,0.05,0.9273274478330659,2.4,1.16,47.66623595505618,1710.0
buena vista,9,0.05,0.9159090909090909,2.25,1.6500000000000004,55.602439502943106,3330.0
buena vista,10,0.05,0.9039649845520082,1.8,2.31,51.92358393408857,2070.0
buena vista,11,0.05,0.8684988179669031,2.25,1.94,57.47694247438929,4440.0
buena vista,12,0.05,0.8670324971493729,2.25,1.6500000000000004,55.052537058152794,2587.5
butler,1,0.05,0.7838694852941177,1.75,2.25,30.4153125,264.0
butler,2,0.05,0.8262910798122066,1.75,1.95,30.122253521126762,120.0
butler,3,0.05,0.7776109660574412,2.25,2.25,31.43924281984334,210.0
butler,4,0.05,0.7495714285714286,2.25,2.25,33.1679619047619,228.0
butler,5,0.05,0.8185695538057742,1.75,2.25,37.93257217847769,1425.0
butler,6,0.05,0.7817164179104478,2.25,1.97,30.499189765458425,297.0
butler,7,0.05,0.7807032590051458,1.75,1.87,35.86910806174957,2736.0
butler,8,0.05,0.8312326869806094,1.75,2.3000000000000007,32.298060941828254,114.0
butler,9,0.05,0.7697278911564626,1.75,2.3000000000000007,38.528458049886616,324.0
butler,10,0.05,0.7869757174392936,1.75,0.5,35.436335540838854,210.0
butler,11,0.05,0.7492793791574279,1.75,1.97,35.15388026607539,285.0
butler,12,0.05,0.8008620689655173,1.75,2.25,34.65306513409962,360.0000000000001
calhoun,1,0.05,0.9404233870967742,1.75,2.31,44.268024193548385,206.40000000000003
calhoun,2,0.05,0.9390037593984962,1.75,2.5,44.97819548872181,299.52
calhoun,3,0.05,0.9329807692307692,1.75,1.75,47.00211538461538,210.0
calhoun,4,0.05,0.9600671140939598,1.75,1.62,48.86758389261745,210.0
calhoun,5,0.05,0.9407072368421053,1.75,2.4000000000000004,51.478322368421054,345.0
calhoun,6,0.05,0.854407514450867,1.75,2.42,48.390202312138726,240.0
calhoun,7,0.05,0.8951482479784367,1.75,2.42,43.11913746630728,237.24000000000007
calhoun,8,0.05,0.9279264214046823,1.75,2.3000000000000007,45.5809364548495,172.5
calhoun,9,0.05,0.8955431754874652,1.75,2.5,53.49568245125349,906.5
calhoun,10,0.05,0.8702459016393443,1.75,2.25,47.617737704918035,210.0
calhoun,11,0.05,0.8781586021505376,1.75,2.25,51.295053763440855,262.79999999999995
calhoun,12,0.05,0.8151098901098901,5.25,2.31,46.69541208791209,360.0000000000001
carroll,1,0.05,0.9231719128329298,1.8,0.9199999999999996,39.18697336561743,600.0
carroll,2,0.05,0.9355719237435008,1.8,1.17,52.59745811669555,4381.5
carroll,3,0.05,0.9418043202033037,2.25,1.88,51.829129606099116,5400.0
carroll,4,0.05,0.9244539100043686,2.25,0.9199999999999996,50.04969855832242,7542.000000000003
carroll,5,0.05,0.9574058219178082,2.25,1.17,61.60298515981735,4209.0
carroll,6,0.05,0.9247457173447537,1.8,1.17,43.619801927194864,3732.7200000000007
carroll,7,0.05,0.956780303030303,2.25,1.17,48.88427272727273,6969.0
carroll,8,0.02,0.9309644364074744,2.25,1.17,53.380994575045214,7542.000000000003
carroll,9,0.02,0.9258164481525626,5.25,1.25,45.21669249106079,3330.0
carroll,10,0.05,0.9039054054054053,1.8,1.25,60.19832972972973,3898.5
carroll,11,0.05,0.877956081081081,1.75,1.0,54.47063626126126,6049.5
carroll,12,0.05,0.9005897771952817,1.8,1.25,51.82249017038008,2691.0
cass,1,0.02,0.7985555555555556,2.25,1.6500000000000004,29.33551951951952,2280.0
cass,2,0.05,0.8440283400809716,1.75,2.31,51.09660931174089,2587.5
cass,3,0.05,0.8333089668615985,1.75,2.0000000000000004,42.231978557504874,1059.0
cass,4,0.05,0.846484375,1.8,1.7600000000000002,43.830302083333336,2265.6000000000004
cass,5,0.05,0.8532311516155757,2.25,2.4000000000000004,54.23402651201326,4140.0
cass,6,0.05,0.8807260920897285,2.25,0.5,48.72518299881936,1347.0
cass,7,0.05,0.7827848722986247,2.25,0.9199999999999996,53.914666011787816,2100.0
cass,8,0.05,0.8770459641255606,1.8,2.4000000000000004,46.78610986547085,3420.0
cass,9,0.05,0.8335992907801418,2.4,2.4000000000000004,49.280768321513,1200.0
cass,10,0.05,0.814699074074074,2.4,2.25,60.16368055555555,2625.0
cass,11,0.05,0.8305530575539569,2.4,1.75,52.995476618705034,6660.0
cass,12,0.05,0.8268715083798882,2.25,2.1000000000000005,46.91653631284916,315.0
cedar,1,0.05,0.7877039627039627,1.75,2.13,34.12496503496504,525.6000000000001
cedar,2,0.05,0.8306343283582089,1.75,2.1500000000000004,47.01644776119403,3933.0
cedar,3,0.05,0.7968934911242604,2.25,1.25,32.40199704142012,360.0
cedar,4,0.05,0.7943087318087318,2.25,1.0,33.18623700623701,210.0
cedar,5,0.05,0.7943361753958587,1.75,1.6500000000000004,42.18163215590743,4140.0
cedar,6,0.05,0.7801526717557252,1.75,1.96,35.90287531806616,264.0
cedar,7,0.05,0.7901455767077268,1.75,2.25,39.406058230683094,2242.5
cedar,8,0.05,0.7906737588652482,1.75,2.25,34.126836879432624,420.0
cedar,9,0.05,0.7753329633740289,1.75,1.6500000000000004,37.341709211986675,1966.5
cedar,10,0.05,0.7584527220630373,1.75,1.2000000000000002,40.85065902578796,1897.5
cedar,11,0.05,0.7425276752767527,1.75,0.5,37.91718327183272,2220.0
cedar,12,0.05,0.7894412878787879,5.25,0.5,38.519356060606064,2070.0
cerro gordo,1,0.02,0.8528478462968702,1.8,1.0500000000000005,56.19670281995662,8550.0
cerro gordo,2,0.05,0.8473101265822784,2.4,0.6599999999999999,59.187276298559574,2250.0
cerro gordo,3,0.02,0.872044805936073,2.4,0.8599999999999999,59.92109589041095,5355.0
cerro gordo,4,0.02,0.8602964998553659,4.5,0.5,61.69162279433034,3952.5
cerro gordo,5,0.05,0.8704578263559497,2.4,1.0000000000000002,62.791963291400286,4788.0
cerro gordo,6,0.05,0.8485820105820107,4.5,1.17,53.582328042328044,4717.5
cerro gordo,7,0.05,0.8422010398613519,2.25,1.0,59.26260460510027,3507.66
cerro gordo,8,0.02,0.84068410041841,2.25,0.5,61.433669456066944,5227.5
cerro gordo,9,0.02,0.8164326001128032,4.5,0.8799999999999999,55.23774957698816,4440.0
cerro gordo,10,0.02,0.8403173546382601,2.4,0.8800000000000001,63.82828672880604,4207.5
cerro gordo,11,0.02,0.8290650608393345,5.25,0.5,71.81278122671965,8325.0
cerro gordo,12,0.05,0.8454294766486741,5.25,0.5,56.26503168270359,2326.5
cherokee,1,0.05,0.8986185383244206,1.75,2.25,42.02957219251337,300.0
cherokee,2,0.05,0.9195095168374816,4.5,2.25,48.18638360175696,765.0
cherokee,3,0.05,0.856039603960396,1.75,2.42,41.780455445544554,210.0
cherokee,4,0.02,0.8946268656716417,1.75,1.7600000000000002,43.54710820895522,420.0
cherokee,5,0.05,0.9000330250990753,1.75,1.88,50.506538969616905,1710.0
cherokee,6,0.05,0.9821547420965058,2.25,2.35,43.48925124792014,395.4000000000001
cherokee,7,0.05,0.8947693574958814,4.5,2.33,40.71835255354201,759.0
cherokee,8,0.05,0.9214596273291925,1.8,3.5,46.44585093167702,2040.0
cherokee,9,0.05,0.8765365448504983,4.5,0.6599999999999999,45.226179401993356,862.5
cherokee,10,0.05,0.8800989345509894,2.25,2.5,52.14488584474886,1710.0
cherokee,11,0.05,0.9019861830742659,2.4,4.149999999999999,51.29557858376511,1785.0
cherokee,12,0.05,0.911527514231499,1.75,0.9199999999999996,50.30552182163188,1350.0
chickasaw,1,0.05,0.9954672897196263,2.25,1.27,46.87796261682243,529.5
chickasaw,2,0.05,0.9465299684542587,1.75,2.13,51.93145110410095,1170.0
chickasaw,3,0.05,0.9858895705521472,1.8,1.5,56.807269938650315,3192.0
chickasaw,4,0.05,0.9671875,1.75,1.88,48.7348125,210.0
chickasaw,5,0.05,0.987539184952978,1.8,1.87,63.46617554858934,1755.0
chickasaw,6,0.05,1.010309973045822,1.75,2.5,49.23733153638814,1425.0
chickasaw,7,0.05,0.9724806201550388,1.75,3.3500000000000005,65.72560723514212,3420.0
chickasaw,8,0.05,0.9420428893905192,1.75,1.88,44.331828442437924,1710.0
chickasaw,9,0.05,0.8616580310880829,2.25,2.5,42.57458549222798,540.0
chickasaw,10,0.05,0.9459193245778612,4.5,2.25,44.35806754221388,2070.0
chickasaw,11,0.05,0.8796153846153846,1.75,2.31,56.043980769230764,3330.0
chickasaw,12,0.05,0.9352564102564103,5.25,2.25,42.38393772893773,449.9999999999999
clarke,1,0.05,0.952708703374778,1.75,1.17,40.71341030195382,180.0
clarke,2,0.05,0.8967161016949152,1.75,1.17,48.51332627118644,1140.0
clarke,3,0.05,0.9145408163265306,1.75,1.17,64.20797959183673,4427.999999999999
clarke,4,0.05,0.9048977853492333,2.25,1.17,53.959761499148215,1575.0
clarke,5,0.05,0.9358752166377816,2.25,1.17,77.2192547660312,11340.0
clarke,6,0.05,0.9112055641421947,1.8,1.17,42.65673879443586,525.0
clarke,7,0.05,0.939812030075188,1.8,1.17,47.883218045112784,540.0
clarke,8,0.05,0.8541362530413626,2.25,1.17,41.35148418491484,405.0
clarke,9,0.05,0.8277542372881356,4.5,2.05,42.18050847457627,832.5
clarke,10,0.05,0.9029026217228465,4.5,2.05,51.71504369538077,1417.5
clarke,11,0.05,0.8317024128686328,4.5,1.97,67.08341823056301,3330.0
clarke,12,0.05,0.8323529411764706,1.75,2.05,49.5297192513369,2295.0
clay,1,0.05,0.8709020146520147,1.8,1.2000000000000002,43.79470695970696,2280.0
clay,2,0.05,0.879908256880734,2.25,1.16,43.41828134556575,3420.0
clay,3,0.05,0.8786320754716981,2.25,0.5800000000000001,48.399028301886794,2565.0
clay,4,0.05,0.8816388115134633,1.8,1.7400000000000002,44.65967502321263,690.0
clay,5,0.05,0.9207363013698631,2.25,1.16,52.55958904109589,5175.0
clay,6,0.05,0.8538977159880834,2.25,1.7199999999999998,46.89172790466733,2280.0
clay,7,0.05,0.8973638720829732,2.25,1.7199999999999998,50.73108038029386,2736.0
clay,8,0.05,0.8681189488243429,2.25,1.16,43.08248962655602,3420.0
clay,9,0.05,0.8594835069444444,2.25,0.6200000000000001,52.087725694444444,3330.0
clay,10,0.02,0.8690885221305326,2.25,1.7199999999999998,48.265318829707425,2496.0
clay,11,0.05,0.8520478507704785,1.8,1.75,46.78270072992701,3420.0
clay,12,0.05,0.8417997542997543,5.25,0.8799999999999999,49.615497542997545,2242.5
clayton,1,0.05,0.9481770833333333,1.75,1.88,30.491845238095237,228.0
clayton,2,0.05,0.9837004405286344,1.75,1.63,30.306930983847284,365.04
clayton,3,0.05,0.9814344746162927,1.75,1.63,30.48021251475797,210.0
clayton,4,0.05,0.9334834834834835,1.75,1.63,34.521996996997,210.0
clayton,5,0.05,0.9442360163710778,1.75,1.0700000000000005,29.52066848567531,660.0
clayton,6,0.05,0.9652362584378014,1.75,1.75,31.1528543876567,246.0
clayton,7,0.05,0.9299479166666668,2.25,1.2400000000000002,35.73940104166667,1978.8
clayton,8,0.05,0.95,1.75,1.63,32.35148997134671,171.0
clayton,9,0.05,0.9873188405797102,1.75,1.25,30.65824769433465,210.0
clayton,10,0.05,0.9648480662983425,1.75,2.05,32.19779005524862,299.52
clayton,11,0.05,0.9446685082872928,1.75,1.63,27.477558011049723,210.0
clayton,12,0.05,0.9390237603305785,5.25,1.88,30.981869834710743,504.0
clinton,1,0.02,0.8465955176093917,2.4,0.5,71.80822838847385,4349.4000000000015
clinton,2,0.05,0.832814465408805,2.25,1.6500000000000004,88.59551257861635,3300.0
clinton,3,0.05,0.8334748201438849,2.4,1.8200000000000005,91.73863309352518,3420.0
clinton,4,0.02,0.8306543420092435,2.25,1.63,81.55072974945269,4744.800000000001
clinton,5,0.05,0.8384459116302693,2.4,0.8600000000000001,97.81911376333164,6209.999999999998
clinton,6,0.02,0.8211048850574713,4.5,0.6000000000000001,85.62546551724138,4800.0
clinton,7,0.05,0.8224801539571807,4.5,0.6200000000000001,73.26026942506616,5140.200000000002
clinton,8,0.02,0.835459435882524,2.25,0.98,85.33477464379179,3420.0
clinton,9,0.05,0.7980749552315171,5.25,0.5,73.34432591455615,2497.5
clinton,10,0.02,0.8120725673446949,4.5,0.5,81.89716052776251,4349.4000000000015
clinton,11,0.05,0.8189591986318104,5.25,0.5,84.70339604202296,3420.0
clinton,12,0.02,0.8057562931610603,5.25,0.8800000000000001,77.60199599019826,4950.0
crawford,1,0.02,0.8746675358539765,2.25,1.0,53.756753585397654,969.84
crawford,2,0.05,0.9034509202453989,2.25,1.0,63.693721881390594,4450.5
crawford,3,0.05,0.9113669064748201,1.8,2.4000000000000004,59.91319424460431,998.4
crawford,4,0.05,0.8874414976599064,2.25,1.62,53.981840873634944,840.0
crawford,5,0.05,0.9646851503759398,2.25,1.88,71.84440789473683,3450.0
crawford,6,0.05,0.8954819277108433,4.5,1.8000000000000005,64.24143239625167,3420.0
crawford,7,0.05,0.9223560910307899,1.8,1.2000000000000002,69.134765729585,3420.0
crawford,8,0.05,0.9298133022170362,1.8,1.3199999999999998,67.45607934655776,3420.0
crawford,9,0.05,0.8898525280898877,5.25,1.75,62.54563202247191,3330.0
crawford,10,0.05,0.9039887640449438,1.8,1.3199999999999998,66.41308988764045,2587.5
crawford,11,0.05,0.8546076099881095,2.25,2.4000000000000004,86.36560047562426,6937.5
crawford,12,0.05,0.8677165354330708,1.8,2.3000000000000007,69.16091113610798,2587.5
dallas,1,0.05,0.755050944333996,2.4,1.97,75.97291003976143,9396.000000000004
dallas,2,0.02,0.7690860772621209,2.4,1.5,87.21173969406274,7830.000000000003
dallas,3,0.05,0.7392464498396702,2.4,0.5,78.34499312872194,8550.0
dallas,4,0.02,0.7533136300417246,2.4,0.5,86.65340751043115,7830.000000000003
dallas,5,0.05,0.7671622294103011,4.5,1.63,88.5514331923364,7830.000000000003
dallas,6,0.02,0.7411682623752291,2.25,1.25,96.59297209207578,9396.000000000004
dallas,7,0.02,0.7784309674282937,2.4,1.87,91.8763441905688,7280.700000000001
dallas,8,0.05,0.7682230334432407,2.4,0.5,98.22809938765897,15660.000000000004
dallas,9,0.05,0.7529588565321934,5.25,1.63,88.53958856532194,7830.000000000003
dallas,10,0.02,0.7744129930394431,2.4,0.8799999999999999,104.29467285382832,7830.000000000003
dallas,11,0.05,0.7563103670315519,2.4,0.9199999999999996,101.27071474565358,9000.0
dallas,12,0.02,0.7859371384496722,5.25,0.5,106.92646355572695,8437.500000000002
davis,1,0.05,0.7515789473684211,1.75,1.0,48.974736842105266,167.88
davis,2,0.05,0.9295,1.75,1.0,40.4908,105.0
davis,3,0.05,0.882051282051282,1.75,4.440000000000001,52.009743589743586,123.0
davis,4,0.05,0.825646551724138,1.75,5.6999999999999975,42.24043103448276,120.0
davis,5,0.05,0.7776515151515152,1.75,12.660000000000002,45.775454545454544,128.16
davis,6,0.05,1.1967857142857143,1.75,6.0,39.47871428571429,123.0
davis,7,0.05,0.9192622950819672,1.75,19.5,55.47147540983607,192.24
davis,8,0.05,0.7762658227848102,1.75,5.0,45.67341772151899,148.07999999999998
davis,9,0.05,0.8097701149425288,1.75,7.52,43.80344827586207,210.0
davis,10,0.05,0.9002551020408163,1.75,11.25,44.44061224489796,210.0
davis,11,0.05,0.9341584158415841,1.75,7.5,48.59762376237624,210.0
davis,12,0.05,0.7731818181818182,1.75,13.0,65.92545454545454,360.0000000000001
decatur,1,0.05,0.8624999999999999,1.75,3.26,34.80690476190476,128.16
decatur,2,0.05,0.8130952380952381,1.75,1.75,37.4134632034632,154.8
decatur,3,0.05,0.7753099173553719,1.75,2.35,42.47260330578513,210.0
decatur,4,0.05,0.8312499999999999,1.75,1.97,34.45703947368421,210.0
decatur,5,0.05,0.7666666666666666,1.75,2.1500000000000004,32.994814814814816,128.16
decatur,6,0.05,0.7682783018867925,1.75,2.31,46.50702830188679,258.00000000000006
decatur,7,0.05,0.7902173913043478,1.75,4.26,35.93376811594203,234.0
decatur,8,0.05,0.88125,1.75,3.75,37.13265,114.0
decatur,9,0.05,0.7951923076923076,1.75,2.18,46.66051282051282,210.0
decatur,10,0.05,0.8236559139784946,1.75,2.18,40.956720430107524,210.0
decatur,11,0.05,0.8196494464944649,1.75,2.4000000000000004,48.37996309963099,228.0
decatur,12,0.05,0.8509067357512953,1.75,2.18,47.44715025906736,210.0
delaware,1,0.05,0.9924039580908033,1.8,1.6500000000000004,38.4904772991851,529.5
delaware,2,0.05,0.9897887323943662,1.75,1.75,42.59240845070423,1000.0
delaware,3,0.05,1.0188815789473684,4.5,2.1500000000000004,55.85213157894737,5415.0
delaware,4,0.05,0.9888669950738916,2.25,0.5,42.56237438423645,570.0
delaware,5,0.05,0.9995880861850444,4.5,0.9199999999999996,49.31356147021546,2242.5
delaware,6,0.05,1.015939393939394,2.25,1.13,50.45130909090909,3135.0
delaware,7,0.05,1.018121301775148,2.25,1.6500000000000004,44.68463510848127,857.9999999999998
delaware,8,0.02,0.9892010309278351,1.75,1.62,41.604742268041235,1710.0
delaware,9,0.05,1.0012589928057554,4.5,1.6500000000000004,49.397338129496404,2070.0
delaware,10,0.05,0.9980964467005076,1.75,1.61,65.12852791878173,3675.0
delaware,11,0.05,0.9507772020725389,1.75,2.3000000000000007,63.5139378238342,4440.0
delaware,12,0.05,0.9911057692307693,5.25,1.75,39.71564102564103,316.32000000000005
des moines,1,0.05,0.7110207100591717,1.75,0.5,43.42718089602705,2145.0000000000005
des moines,2,0.05,0.7464768537484637,2.4,1.17,49.36455141335518,5071.5
des moines,3,0.05,0.7387440381558028,1.8,0.5,48.220623211446735,3420.0
des moines,4,0.05,0.7224884526558892,2.25,0.98,45.06802925327175,780.0000000000002
des moines,5,0.05,0.7403461538461539,2.25,0.5,46.72175,3420.0
des moines,6,0.02,0.7562050296891373,1.75,0.8800000000000001,42.894697869367796,1059.0
des moines,7,0.05,0.7520518753044326,2.25,0.5,43.867615684364345,1425.0
des moines,8,0.05,0.757132834424696,2.25,0.98,39.99697614593078,3420.0
des moines,9,0.02,0.7285181485181484,1.75,1.0,43.12039294039294,3163.5
des moines,10,0.05,0.7351683501683501,2.4,0.5,52.39767676767677,2415.0
des moines,11,0.05,0.7368291054739653,2.4,1.0,48.248608811749,4995.0
des moines,12,0.02,0.7554345718901454,1.75,1.0,44.30498546042003,2118.0
dickinson,1,0.05,0.9313428966470791,2.4,1.25,55.82337020394055,1977.0000000000005
dickinson,2,0.05,0.9184650455927051,1.8,1.16,56.717031408308,3864.0
dickinson,3,0.05,0.9381640260950606,1.75,0.5,49.19427306616962,2100.0
dickinson,4,0.05,0.9382596685082873,2.25,1.16,46.210925414364645,1132.8000000000002
dickinson,5,0.05,0.9334862880587347,4.5,1.17,60.723515439429924,4243.5
dickinson,6,0.02,0.9216399398646955,2.4,1.94,66.6289626659985,2430.0
dickinson,7,0.05,0.9041199439327193,2.25,1.5,61.44155386463756,3420.0
dickinson,8,0.05,0.9108173784977909,2.25,0.5,60.735025036818854,3420.0
dickinson,9,0.05,0.9156313853698407,5.25,1.0,47.54056395586432,2118.0
dickinson,10,0.05,0.9374061561561562,2.25,1.7400000000000002,52.32802552552552,2242.5
dickinson,11,0.05,0.9063161106590724,2.25,1.5,55.66142392188771,6660.0
dickinson,12,0.05,0.8998820754716982,5.25,1.7400000000000002,46.46036949685534,2587.5
dubuque,1,0.05,0.7760635140482786,2.4,0.5,56.17988919667591,3163.2000000000007
dubuque,2,0.05,0.7873879641485275,1.75,1.16,62.28019846350833,5472.0
dubuque,3,0.05,0.8226984941820671,2.4,0.5,66.28902292950033,5700.0
dubuque,4,0.05,0.7774630113141862,1.75,0.5800000000000001,56.168964316797215,3420.0
dubuque,5,0.05,0.803407254444245,2.4,0.5,60.14860836775004,3420.0
dubuque,6,0.05,0.7971677156608664,2.4,0.5,58.349120696038504,3763.199999999999
dubuque,7,0.05,0.7803841309823678,5.25,0.9199999999999996,63.24876574307305,3558.600000000001
dubuque,8,0.05,0.7940849022447501,2.4,1.0500000000000005,62.63041455467052,6840.0
dubuque,9,0.05,0.760886761032473,2.4,0.6200000000000001,55.57190674437968,4181.760000000001
dubuque,10,0.05,0.7793238270469182,2.4,0.8599999999999999,63.72516099356026,6840.0
dubuque,11,0.02,0.7787023144453311,5.25,0.5,68.00489704708698,6660.0
dubuque,12,0.02,0.7800528867342441,5.25,0.8699999999999999,53.84270309975026,2587.5
emmet,1,0.05,0.9473295454545454,1.75,2.4000000000000004,42.660295454545455,395.4000000000001
emmet,2,0.05,0.9130497131931166,1.75,1.8399999999999996,46.936921606118545,2449.5
emmet,3,0.05,0.8079032258064517,1.75,1.75,37.81804301075269,637.5
emmet,4,0.05,0.9769323671497584,1.75,1.0,39.750048309178744,529.5
emmet,5,0.05,0.8306873977086743,1.75,0.96,48.74851063829787,2850.0
emmet,6,0.05,0.8700949367088607,1.75,1.8399999999999996,38.09841772151899,637.5
emmet,7,0.05,0.8838137472283815,1.75,1.88,46.7279822616408,2380.5
emmet,8,0.05,0.9252669039145908,1.75,1.8399999999999996,37.0064590747331,168.0
emmet,9,0.05,0.8701136363636364,1.75,2.3000000000000007,40.356500000000004,540.0
emmet,10,0.05,0.9077601410934745,1.75,1.96,42.50442680776014,1059.0
emmet,11,0.05,0.8814646464646464,1.75,1.75,43.14761616161616,1710.0
emmet,12,0.05,0.9203341013824885,1.75,2.3000000000000007,53.839009216589865,862.5
fayette,1,0.05,0.8950772200772201,4.5,1.88,36.04364478764479,529.5
fayette,2,0.05,0.8913300492610838,1.75,1.88,42.539418719211824,2139.0
fayette,3,0.05,0.8632325141776938,1.75,2.0,40.57648393194707,399.36
fayette,4,0.05,0.9079489291598023,4.5,2.0,39.493945634266886,1059.0
fayette,5,0.05,0.9098360655737705,1.75,1.7399999999999998,42.5829218900675,1710.0
fayette,6,0.05,0.8886695278969957,1.75,2.05,43.09910729613734,1059.0
fayette,7,0.05,0.9370810600155886,2.25,1.88,42.09917381137958,2396.16
fayette,8,0.05,0.8806318681318681,1.75,2.5,43.67330586080586,1059.0
fayette,9,0.02,0.9342276422764229,2.4,0.5,43.70192411924119,862.5
fayette,10,0.05,0.9260056315366051,2.25,2.42,47.89711182622687,2173.5
fayette,11,0.02,0.8660029791459782,1.75,1.6500000000000004,56.03909632571996,4717.5
fayette,12,0.05,0.885427241962775,5.25,0.5,49.907445008460236,2296.32
floyd,1,0.05,0.8083333333333333,2.4,1.6500000000000004,39.60464766429137,540.0
floyd,2,0.05,0.8529394977168949,1.75,1.97,46.511860730593604,1005.0
floyd,3,0.05,0.7896527777777778,1.8,1.0,42.16688888888889,840.0
floyd,4,0.05,0.801404761904762,1.8,2.0,43.704457142857144,840.0
floyd,5,0.05,0.7728233034571064,1.75,1.0000000000000002,48.73220230473751,2850.0
floyd,6,0.05,0.8297605140186916,1.75,1.75,40.27570093457944,360.0
floyd,7,0.05,0.801114081996435,1.75,1.17,42.2448128342246,2415.0
floyd,8,0.05,0.8145431145431146,4.5,0.5,46.36122265122265,1710.0
floyd,9,0.05,0.832620320855615,1.8,1.75,42.37822459893048,862.5
floyd,10,0.05,0.7900681044267877,4.5,1.97,60.01677639046538,2587.5
floyd,11,0.05,0.8264319809069212,2.4,2.18,48.61386634844869,2775.0
floyd,12,0.05,0.8306818181818182,1.8,2.18,42.90273654916512,1005.0
franklin,1,0.05,0.8798177083333334,1.8,2.31,47.16888020833333,328.5
franklin,2,0.05,0.9019624573378838,1.75,2.1500000000000004,45.00945392491468,258.0000000000001
franklin,3,0.05,0.9393109540636042,1.75,2.4000000000000004,55.446925795053005,345.0
franklin,4,0.05,0.901912568306011,2.25,1.75,49.599016393442625,529.5
franklin,5,0.05,0.9053921568627451,1.8,0.5,53.86630718954248,1140.0
franklin,6,0.05,0.78230421686747,1.75,2.31,49.46454819277108,1059.0
franklin,7,0.05,0.8759828009828009,2.25,2.5,46.220589680589676,219.0
franklin,8,0.05,0.8672955974842768,1.8,2.4499999999999997,45.77553459119497,228.0
franklin,9,0.05,0.8901917404129793,1.75,2.31,51.344631268436586,276.0
franklin,10,0.05,0.8597173144876326,1.75,2.5,48.886819787985864,862.5
franklin,11,0.02,0.9349032258064516,1.75,4.379999999999999,44.142709677419354,529.5
franklin,12,0.05,0.8401913875598086,1.75,2.1899999999999995,47.55033492822967,862.5
fremont,1,0.05,0.6959635416666666,1.75,2.42,29.213229166666668,103.20000000000002
fremont,2,0.05,0.5105363984674329,1.75,1.97,27.47536398467433,105.0
fremont,3,0.05,0.65517578125,1.75,1.0,32.474140625000004,210.0
fremont,4,0.05,0.5864516129032259,1.75,1.97,29.009806451612906,240.0
fremont,5,0.05,0.6193693693693694,1.75,2.31,22.942612612612614,95.52
fremont,6,0.05,0.5628030303030302,1.75,1.88,26.295636363636362,210.0
fremont,7,0.05,0.627280701754386,1.75,2.42,24.658,138.0
fremont,8,0.05,0.626,1.75,1.97,22.846000000000004,138.0
fremont,9,0.05,0.5534745762711865,1.75,2.31,23.003898305084743,210.0
fremont,10,0.05,0.6107692307692308,1.75,2.35,24.432076923076924,210.0
fremont,11,0.05,0.5912742382271468,1.75,1.5,25.788559556786705,210.0
fremont,12,0.05,0.60625,1.75,1.97,28.902884615384615,360.0000000000001
greene,1,0.05,0.8028395061728395,2.25,2.0,41.39681481481481,637.5
greene,2,0.05,0.7419625246548324,1.8,0.6599999999999999,41.55715976331361,2104.5
greene,3,0.02,0.8058844339622642,1.75,2.9499999999999997,42.96433962264151,684.0
greene,4,0.05,0.7411239495798319,1.75,2.5,49.10294117647059,1275.0
greene,5,0.05,0.8106290672451193,2.25,2.5,45.98004338394794,315.0
greene,6,0.05,0.7558457711442786,2.25,2.24,44.883756218905475,637.5
greene,7,0.05,0.822007722007722,2.25,2.5,47.78279922779923,2173.5
greene,8,0.05,0.8208994708994709,2.25,2.5,45.331772486772486,637.5
greene,9,0.05,0.7892384105960264,2.25,0.5,53.94763796909492,2587.5
greene,10,0.05,0.818362282878412,2.25,2.31,54.632158808933,2173.5
greene,11,0.05,0.7947732997481107,1.75,2.5,45.435037783375314,315.0
greene,12,0.05,0.8202986725663717,1.75,2.5,51.752123893805305,1387.5
grundy,1,0.05,0.875429799426934,1.75,3.5,44.13948424068768,316.32000000000005
grundy,2,0.05,0.901108870967742,1.75,4.300000000000001,45.03504032258065,123.0
grundy,3,0.05,0.8567375886524823,1.75,1.94,48.43567375886525,360.0
grundy,4,0.05,0.8321240105540897,1.75,3.94,45.56564643799472,276.0
grundy,5,0.05,0.8521296296296296,1.75,3.5,47.916407407407405,315.0
grundy,6,0.05,0.7694359756097561,1.75,2.42,43.047560975609755,138.0
grundy,7,0.05,0.922531847133758,1.75,3.0,42.37156050955414,168.0
grundy,8,0.05,0.8681569343065694,1.75,3.82,41.478467153284676,138.0
grundy,9,0.05,0.8353773584905659,1.75,0.6200000000000001,46.83833333333333,210.0
grundy,10,0.05,0.8478134110787172,1.75,0.9199999999999996,48.77912536443149,233.99999999999997
grundy,11,0.05,0.7911585365853658,1.75,1.63,51.46036585365854,210.0
grundy,12,0.05,0.82675,1.75,3.960000000000001,53.931175,360.0000000000001
guthrie,1,0.05,0.9212095400340715,1.75,1.2000000000000002,29.266524701873937,180.0
guthrie,2,0.05,0.9433836589698046,1.75,1.17,27.43422735346359,138.0
guthrie,3,0.05,0.9155673758865248,1.75,1.17,30.466354609929077,240.0
guthrie,4,0.05,0.9270833333333334,1.8,1.17,31.201470588235292,240.0
guthrie,5,0.05,0.9139498432601881,1.75,1.17,33.170156739811915,180.0
guthrie,6,0.02,0.9085062006764375,2.25,1.17,32.24215332581736,315.0
guthrie,7,0.05,0.9547560975609756,2.25,1.17,31.248861788617884,228.0
guthrie,8,0.05,0.8858552631578946,1.75,1.17,30.386769005847952,207.0
guthrie,9,0.05,0.9011443661971832,1.75,1.17,32.36580985915493,228.0
guthrie,10,0.05,0.8202517985611512,2.25,1.6500000000000004,35.66804316546763,296.16
guthrie,11,0.05,0.9489965095986038,1.75,2.31,36.78666666666666,210.0
guthrie,12,0.05,0.9109734513274337,1.75,1.82,35.194106194690264,360.0000000000001
hamilton,1,0.05,0.7496979865771812,1.75,1.88,37.74628187919463,1710.0
hamilton,2,0.05,0.759940411700975,1.75,1.7100000000000002,39.33117009750812,1710.0
hamilton,3,0.05,0.7653550295857988,1.75,0.9199999999999996,46.485088757396454,4427.999999999999
hamilton,4,0.05,0.7408980582524272,1.75,1.25,38.59307038834952,637.5
hamilton,5,0.05,0.7993718592964824,2.4,2.25,40.625557788944725,2415.0
hamilton,6,0.05,0.7755794701986755,1.75,1.0,36.80920529801325,765.0
hamilton,7,0.05,0.8104261363636364,2.4,1.27,34.940363636363635,1425.0
hamilton,8,0.05,0.7617372047244094,1.75,2.25,33.75187007874016,1710.0
hamilton,9,0.05,0.7901299504950494,1.75,0.9199999999999996,39.435148514851484,2415.0
hamilton,10,0.05,0.7335430194805195,1.75,0.5,36.07604707792208,937.5
hamilton,11,0.05,0.761497995991984,2.4,0.5,34.92079158316633,1710.0
hamilton,12,0.05,0.7649462365591397,5.25,1.6500000000000004,37.18354838709677,2346.0
hancock,1,0.05,0.9090057636887608,1.75,4.14,44.85746397694525,395.4000000000001
hancock,2,0.05,0.9377226463104326,1.75,2.959999999999999,51.58139949109415,480.0
hancock,3,0.05,0.8828719723183391,1.75,2.5,48.935605536332176,382.08
hancock,4,0.05,0.8816246056782335,1.75,7.5,53.49223974763407,232.20000000000005
hancock,5,0.05,0.9736559139784946,1.75,5.380000000000001,52.21784946236559,315.0
hancock,6,0.05,0.9236635220125787,1.75,3.25,52.56003144654088,382.5
hancock,7,0.05,1.0129370629370629,1.8,4.449999999999999,53.118088578088575,1122.0
hancock,8,0.05,0.859417808219178,1.75,2.42,43.32445205479452,171.0
hancock,9,0.05,0.8858333333333333,1.75,0.5,48.43275757575758,313.92
hancock,10,0.05,0.888422131147541,1.75,2.62,58.79934426229508,693.8400000000001
hancock,11,0.05,0.969888178913738,1.75,1.75,61.271725239616615,2167.5
hancock,12,0.05,0.8552536231884058,1.75,4.25,48.37270531400966,360.0000000000001
hardin,1,0.02,1.0080933137398973,2.4,1.4000000000000004,46.849617927994124,1350.0
hardin,2,0.05,0.9761774600504626,2.4,1.5,52.079108494533216,5071.5
hardin,3,0.02,1.0019045643153528,1.75,2.14,51.566190871369294,3420.0
hardin,4,0.02,0.9712802881466929,1.75,2.0,46.42679764243615,395.4000000000001
hardin,5,0.02,0.9643915929203539,1.75,2.42,50.092514749262534,1581.6000000000004
hardin,6,0.02,0.9892055084745762,1.75,0.9199999999999996,48.24651129943503,1596.0
hardin,7,0.02,0.9759201846965698,2.4,1.17,47.196339050131925,570.0
hardin,8,0.05,0.9973011363636364,1.75,2.1500000000000004,48.999829545454546,1581.6000000000004
hardin,9,0.05,0.9776239536381197,1.75,2.31,52.99767546683838,1620.0
hardin,10,0.05,0.9650790349417638,1.75,0.9199999999999996,51.30643926788685,525.0
hardin,11,0.05,0.9812962962962962,1.75,2.5,55.877427609427606,3330.0
hardin,12,0.05,0.9416369578134285,5.25,2.13,52.347136066547826,2587.5
harrison,1,0.05,0.8555731046931409,1.75,1.83,23.79126353790614,258.00000000000006
harrison,2,0.05,0.8912053056516723,1.75,2.13,24.824279123414073,360.0
harrison,3,0.05,0.8832018038331454,1.75,0.9199999999999996,25.196144306651636,210.0
harrison,4,0.05,0.8603906899418121,1.75,1.38,24.040640066500416,623.5999999999999
harrison,5,0.05,0.8940850277264325,1.75,1.6899999999999995,23.582014787430687,374.83
harrison,6,0.05,0.8843647316538882,1.75,2.119999999999999,24.405892661555313,237.24000000000007
harrison,7,0.05,0.847585886722377,1.75,1.88,24.629526462395543,374.83
harrison,8,0.05,0.8623112659698026,1.75,1.75,24.351626016260163,158.16000000000005
harrison,9,0.05,0.8531459170013386,1.75,2.13,29.27155287817938,374.83
harrison,10,0.05,0.8496438746438746,1.75,2.13,27.382744539411206,313.92
harrison,11,0.05,0.8391461649782923,1.75,2.13,33.34072358900144,210.0
harrison,12,0.05,0.8437937062937062,2.4,1.88,28.253575174825176,360.0000000000001
henry,1,0.05,0.8620967741935485,2.25,2.25,54.036357960457856,3420.0
henry,2,0.05,0.8696185286103542,1.75,2.4000000000000004,57.64651226158038,2518.5
henry,3,0.05,0.8157947019867549,2.25,2.25,48.73333774834437,1059.0
henry,4,0.05,0.8819387755102042,1.75,2.38,49.871755102040815,1575.0
henry,5,0.05,0.8317703109327984,2.25,0.5,54.28528585757272,1710.0
henry,6,0.05,0.8655900621118012,2.25,2.0,62.540211180124224,3420.0
henry,7,0.02,0.8192276830491474,2.25,0.9199999999999996,51.40754262788365,2415.0
henry,8,0.05,0.827532894736842,2.25,2.1800000000000006,47.965250000000005,1059.0
henry,9,0.05,0.8960947930574098,1.75,2.5,63.05704939919894,1239.24
henry,10,0.02,0.8422562814070351,1.75,1.0,62.99550753768844,3045.0
henry,11,0.05,0.8397359913793103,2.25,2.7700000000000005,67.3511422413793,6660.0
henry,12,0.02,0.8380724789915966,5.25,2.3000000000000007,54.92219537815126,1307.9999999999998
howard,1,0.05,0.9495626822157434,1.8,2.5,43.62574344023324,760.5
howard,2,0.05,0.9703351449275363,1.75,2.0,42.015942028985506,450.0
howard,3,0.05,0.9637681159420289,1.75,1.9000000000000004,51.562318840579714,3420.0
howard,4,0.05,0.98312125748503,2.25,2.0,45.65094311377245,480.0
howard,5,0.05,1.0396030245746692,1.75,3.86,54.295935727788276,2518.5
howard,6,0.05,0.9312788906009245,1.75,1.0,47.04784283513097,472.9199999999999
howard,7,0.05,0.9914276401564537,2.25,1.6500000000000004,42.92522816166884,529.5
howard,8,0.05,0.9679527559055118,2.4,1.63,39.69851968503937,300.0
howard,9,0.05,0.9696907216494846,1.75,2.25,47.33517525773196,810.0
howard,10,0.05,0.9950667655786349,2.25,1.0,49.37771513353116,1863.0
howard,11,0.05,0.9023500810372771,1.75,1.97,52.22106969205835,3330.0
howard,12,0.05,0.9123175182481751,5.25,1.97,40.42739659367397,312.0000000000001
humboldt,1,0.05,0.8421319796954315,1.8,1.63,52.469340101522846,1347.0
humboldt,2,0.05,0.7658947368421053,1.8,2.42,55.668863157894734,1710.0
humboldt,3,0.05,0.8001277683134583,1.75,2.25,51.2226405451448,998.4
humboldt,4,0.05,0.7484020618556702,1.8,2.42,47.85078350515464,1132.8000000000002
humboldt,5,0.05,0.7899609375,1.75,2.4000000000000004,62.439578125000004,4312.5
humboldt,6,0.05,0.7892987249544626,1.75,2.42,55.693715846994536,1458.0
humboldt,7,0.02,0.7921516393442622,1.8,1.6899999999999995,59.16571721311475,2587.5
humboldt,8,0.05,0.7406674208144797,1.8,0.5,51.23701357466063,1710.0
humboldt,9,0.05,0.7437218045112782,1.75,1.85,46.623082706766915,1350.0
humboldt,10,0.05,0.7789658634538152,1.75,1.97,79.50538152610442,2625.0
humboldt,11,0.05,0.790686274509804,1.75,2.25,65.99710407239819,5550.0
humboldt,12,0.05,0.7589785831960462,1.75,2.25,63.68479406919275,2587.5
ida,1,0.05,0.8789434523809524,1.75,0.9199999999999996,38.233779761904756,246.0
ida,2,0.05,0.936503984063745,1.8,1.62,44.03219123505976,288.0
ida,3,0.05,0.9460954446854664,1.75,1.75,39.09303687635575,525.0
ida,4,0.05,0.9517384105960265,1.75,2.25,35.48281456953642,240.0
ida,5,0.05,1.0169389978213508,2.25,1.6500000000000004,49.61503267973856,5071.5
ida,6,0.05,0.9368790496760259,2.25,2.3000000000000007,38.27866090712743,180.0
ida,7,0.05,0.9858164983164984,2.25,2.1500000000000004,35.99220538720539,184.19999999999996
ida,8,0.05,1.0064204545454545,1.75,2.5,39.213499999999996,246.0
ida,9,0.05,0.9500863557858377,5.25,1.6500000000000004,39.48925734024179,246.0
ida,10,0.02,0.9895251937984497,1.75,1.75,44.89813953488372,2311.5
ida,11,0.05,0.9563917525773197,1.75,1.47,40.26325773195877,246.0
ida,12,0.05,0.9319736842105263,5.25,1.6500000000000004,39.37465789473684,577.4399999999998
iowa,1,0.05,0.7994255150554676,2.25,1.6500000000000004,40.13025356576862,1005.0
iowa,2,0.05,0.8361855158730159,1.8,1.88,42.20305555555556,555.6000000000001
iowa,3,0.05,0.7935623556581987,1.75,2.4000000000000004,39.739110854503465,560.4
iowa,4,0.02,0.8345966386554622,2.25,0.5,40.538210084033615,765.0
iowa,5,0.05,0.8343276036400404,4.5,1.94,44.902891809909,1710.0
iowa,6,0.05,0.7927962662337662,4.5,1.75,40.03268668831169,675.0
iowa,7,0.05,0.8150750625521268,2.25,0.97,39.21449541284404,487.2000000000001
iowa,8,0.05,0.7847078228086711,2.25,1.82,43.17371347785108,2496.0
iowa,9,0.05,0.8274087932647334,1.75,1.0000000000000002,43.992310570626756,1005.0
iowa,10,0.05,0.8006908140403286,1.8,2.0700000000000003,45.34246452576549,2070.0
iowa,11,0.05,0.8196135265700483,1.75,2.0000000000000004,40.358280193236716,486.24
iowa,12,0.05,0.8213791700569569,5.25,1.97,40.11038242473556,405.0
jackson,1,0.02,0.9392040094339623,1.75,1.5800000000000003,39.29878537735849,529.5
jackson,2,0.05,0.9236566186107471,2.4,0.6200000000000001,47.4629619921363,1710.0
jackson,3,0.05,0.9334958217270195,1.75,1.0000000000000002,57.057047353760446,4560.0
jackson,4,0.05,0.9319089048106448,1.75,2.0,49.132538382804505,1059.0
jackson,5,0.05,0.9265950920245398,1.75,1.62,67.02840490797546,4140.0
jackson,6,0.05,0.9189281641961231,1.75,1.2400000000000002,58.34468643101482,4320.0
jackson,7,0.05,0.8732698094282848,1.75,1.75,47.17724172517553,2587.5
jackson,8,0.05,0.9137546468401486,1.75,1.7600000000000002,54.28204460966543,3420.0
jackson,9,0.05,0.8820030895983522,1.75,1.2000000000000002,61.85737384140062,4440.0
jackson,10,0.02,0.8717317073170733,1.75,1.0000000000000002,57.94491463414634,1710.0
jackson,11,0.05,0.9265206812652068,4.5,0.8800000000000001,95.89476885644768,19980.0
jackson,12,0.05,0.9226801310043667,5.25,1.0000000000000002,53.0043231441048,1725.0
jasper,1,0.02,0.787850052246604,4.5,0.5,34.98809299895507,645.0
jasper,2,0.05,0.7586609989373008,1.75,1.5,44.68682252922423,3420.0
jasper,3,0.05,0.7621259175607001,4.5,0.5,39.81202145680406,1996.8
jasper,4,0.05,0.7732016348773842,4.5,0.49,40.681057220708446,1734.0
jasper,5,0.05,0.7666192508297771,1.8,0.8699999999999999,40.71484589853011,1710.0
jasper,6,0.05,0.7595921814671814,4.5,0.5,45.32277992277992,2622.0
jasper,7,0.05,0.7546989889705882,1.75,0.8699999999999999,37.10215533088235,1122.0
jasper,8,0.05,0.8009049162614802,4.5,0.8699999999999999,43.833203673689894,3420.0
jasper,9,0.05,0.7713547052740434,1.8,0.5700000000000001,42.47782833505688,2484.0
jasper,10,0.05,0.7546756628787878,1.75,0.98,48.15716382575757,2167.5
jasper,11,0.05,0.7514474352463179,5.25,1.0500000000000005,44.62982224479431,2497.5
jasper,12,0.05,0.7553758325404376,2.4,0.8699999999999999,38.7795337773549,1974.48
jefferson,1,0.02,0.828497175141243,2.25,1.61,54.519423728813564,3570.0
jefferson,2,0.05,0.8245440729483282,1.75,2.42,56.78267477203647,1020.0
jefferson,3,0.05,0.8104910714285714,2.25,3.209999999999999,56.16254464285715,1237.5
jefferson,4,0.05,0.8313102893890676,1.75,3.539999999999999,56.34501607717041,1425.0
jefferson,5,0.05,0.8195593035908596,2.25,0.5,54.57882480957563,2250.0
jefferson,6,0.05,0.8058148148148148,1.75,3.380000000000001,56.96019259259259,1995.0
jefferson,7,0.05,0.806877444589309,2.25,0.9199999999999996,55.72933507170796,1350.0
jefferson,8,0.05,0.8101403061224489,1.75,2.3000000000000007,60.41076530612245,3600.0
jefferson,9,0.05,0.8813990461049285,2.25,2.710000000000001,54.78688394276629,862.5
jefferson,10,0.05,0.8324842767295598,1.75,1.5,58.65,1425.0
jefferson,11,0.05,0.877818448023426,1.75,3.75,72.40571010248901,4440.0
jefferson,12,0.05,0.8508438818565401,5.25,4.630000000000001,60.165386779184246,690.0
johnson,1,0.05,0.7754702568509501,2.4,0.5,65.39811419841497,34795.20000000001
johnson,2,0.05,0.7883510819077829,2.4,0.5,72.5741123824629,8400.0
johnson,3,0.02,0.7806692721055203,4.5,0.5,66.37590986809965,7830.000000000003
johnson,4,0.02,0.776741435162462,2.4,0.5,76.82948267399628,15816.000000000004
johnson,5,0.05,0.7854622160900021,2.4,0.5,73.97460411802165,6372.959999999999
johnson,6,0.02,0.7840735836020267,2.4,1.0,72.59477314601567,9593.100000000002
johnson,7,0.05,0.7819394663480685,2.4,0.75,71.90044504181601,43494.00000000001
johnson,8,0.02,0.7885202877374397,4.5,0.5,75.85633247161965,7830.000000000003
johnson,9,0.02,0.7944834050060646,5.25,0.8799999999999999,76.02101995809902,9396.000000000004
johnson,10,0.05,0.7856168068871062,4.5,0.8799999999999999,77.96498239092155,13048.200000000004
johnson,11,0.02,0.7937835852225021,2.4,1.25,74.53885180520571,9011.7
johnson,12,0.05,0.7831842129167046,5.25,0.5,70.80934053955855,7418.879999999999
jones,1,0.05,0.8870620620620621,1.75,1.75,35.16773773773774,558.5999999999998
jones,2,0.05,0.9113053097345134,1.75,1.6500000000000004,40.469672566371685,1581.6000000000004
jones,3,0.05,0.9120981038746908,1.8,1.52,41.81366859027206,1059.0
jones,4,0.05,0.8944055944055944,1.75,0.5,39.35487762237763,868.3800000000001
jones,5,0.05,0.9478472222222222,1.75,1.63,47.254111111111115,5175.0
jones,6,0.05,0.8890842013888888,1.75,1.75,41.25524305555555,1122.0
jones,7,0.05,0.9124282639885222,1.75,1.75,40.22581779053085,1211.9999999999998
jones,8,0.05,0.9014500734214391,1.75,1.75,40.373113069016156,1581.6000000000004
jones,9,0.05,0.9209886128364388,1.75,2.18,44.747587991718426,793.5
jones,10,0.05,0.8768315018315018,1.75,2.18,49.56715201465202,2415.0
jones,11,0.05,0.8748827208756841,1.75,2.0,61.87735731039875,4995.0
jones,12,0.05,0.8695406929895245,1.75,1.75,41.38883158742949,889.5600000000001
keokuk,1,0.05,0.9430505415162456,1.75,2.25,35.56483754512636,132.0
keokuk,2,0.05,0.898153409090909,1.75,2.39,35.71329545454545,234.0
keokuk,3,0.05,0.879656862745098,1.75,2.4000000000000004,34.658774509803926,210.0
keokuk,4,0.05,0.8870558375634517,1.75,2.4000000000000004,32.78664974619289,210.0
keokuk,5,0.05,0.8947745901639343,1.75,2.4000000000000004,35.77295081967213,315.0
keokuk,6,0.05,0.9655440414507772,1.75,2.4000000000000004,32.8739378238342,138.0
keokuk,7,0.05,0.8731150793650794,1.75,2.25,33.57226190476191,138.0
keokuk,8,0.05,0.8246462264150943,1.75,2.31,31.933537735849058,206.40000000000003
keokuk,9,0.05,0.910609756097561,1.75,2.25,33.954341463414636,336.0
keokuk,10,0.05,0.8509892086330935,1.75,2.880000000000001,34.30241007194245,210.0
keokuk,11,0.05,0.8079439252336449,1.75,2.4000000000000004,35.55532710280374,210.0
keokuk,12,0.05,0.9310465116279071,1.75,2.5,32.56706976744186,172.5
kossuth,1,0.05,0.9833651096282173,1.75,1.75,53.734261201143944,5100.0
kossuth,2,0.02,0.9649041916167665,1.8,1.0000000000000002,60.212610778443114,4312.5
kossuth,3,0.05,0.9562573789846518,1.8,1.25,48.491782762691855,1134.24
kossuth,4,0.05,0.9328089887640449,1.75,2.31,51.54179775280898,1699.2000000000005
kossuth,5,0.05,0.9747455470737912,1.75,1.6899999999999995,68.83050042408821,6270.0
kossuth,6,0.05,0.9459211732355637,4.5,1.27,62.800403299725026,5100.0
kossuth,7,0.05,0.9437766410912191,1.75,1.5,46.700605285592495,674.9999999999999
kossuth,8,0.05,0.9389032258064516,1.75,2.42,45.78747096774194,1132.8000000000002
kossuth,9,0.05,0.9598817567567568,1.8,2.42,51.26448198198198,1620.0
kossuth,10,0.02,0.9573523316062177,1.75,1.75,63.81887046632124,2415.0
kossuth,11,0.05,0.922705078125,5.25,0.5,69.1880078125,5550.0
kossuth,12,0.05,0.9088862559241706,5.25,1.27,52.040682464454974,4140.0
lee,1,0.05,0.822374917709019,1.8,0.7500000000000002,39.21583936800527,1920.0
lee,2,0.05,0.7961940047153924,2.25,0.8799999999999999,45.162667564836646,2244.0
lee,3,0.05,0.8253303133257834,4.5,1.0000000000000002,48.91123442808607,2311.92
lee,4,0.05,0.8333808724832215,1.8,0.98,47.16418120805369,3558.600000000001
lee,5,0.02,0.817171130952381,1.75,0.98,49.35033630952381,2433.6000000000004
lee,6,0.02,0.8023580383480825,2.25,1.0699999999999998,45.356685103244835,1800.0
lee,7,0.05,0.8450590938936311,2.25,1.7199999999999998,52.68064346684176,3933.0
lee,8,0.05,0.8177234299516908,1.75,0.5,52.33742351046699,4492.8
lee,9,0.05,0.8169845485272814,1.8,0.98,48.392250120714635,3240.0
lee,10,0.05,0.8110906470211403,2.25,0.9199999999999996,47.60406790518898,2880.000000000001
lee,11,0.05,0.7880272727272727,5.25,0.5,51.46632,4995.0
lee,12,0.02,0.7943349928876245,5.25,0.98,50.46405405405406,2555.28
linn,1,0.02,0.7798732820230896,4.5,0.7000000000000002,52.78461132490379,5575.680000000001
linn,2,0.02,0.7655436568477878,4.5,0.5,58.65166823142823,6840.0
linn,3,0.02,0.7666526763990268,2.4,0.5,58.5230900243309,5130.0
linn,4,0.02,0.7550041913490556,2.4,0.5,55.5682591930256,4181.760000000001
linn,5,0.05,0.7627077288314429,4.5,0.48,60.15627960960169,4830.0
linn,6,0.05,0.7524753189769644,4.5,0.48,56.570255181571504,3763.199999999999
linn,7,0.02,0.7516261406333871,5.25,0.5,57.23493666129899,5130.0
linn,8,0.05,0.7510775246903009,4.5,0.5,58.32972769309813,6840.0
linn,9,0.05,0.7466209598432908,5.25,0.5,57.44420849657199,7104.0
linn,10,0.02,0.7488792307692308,2.4,0.5,60.700746153846154,12312.0
linn,11,0.05,0.7519745135653604,5.25,0.9199999999999996,60.87114387503426,6840.0
linn,12,0.02,0.753797262979684,5.25,0.5,55.13820400677201,5604.0
louisa,1,0.05,0.7872427983539095,1.75,3.64,32.837283950617284,138.0
louisa,2,0.05,0.7686224489795919,1.75,1.75,35.53955782312926,180.0
louisa,3,0.05,0.7392642642642643,1.75,3.64,34.12042042042042,360.0
louisa,4,0.05,0.7422413793103448,1.75,3.0,30.20942528735632,168.0
louisa,5,0.05,0.733011049723757,2.25,0.8799999999999999,32.80461325966851,240.0
louisa,6,0.05,0.7532758620689655,1.75,0.98,30.52389655172414,315.0
louisa,7,0.05,0.7240846681922197,1.75,1.63,32.725011441647595,240.0
louisa,8,0.05,0.782997311827957,4.5,3.5200000000000005,27.011586021505376,159.00000000000003
louisa,9,0.05,0.7655555555555555,1.75,3.64,35.428148148148146,216.0
louisa,10,0.05,0.7616379310344827,1.75,3.92,35.61741379310345,210.0
louisa,11,0.05,0.734882005899705,1.75,3.98,38.49480825958702,210.0
louisa,12,0.05,0.7799440298507463,5.25,0.9199999999999996,32.46944029850746,210.0
lucas,1,0.05,0.8213291139240506,1.75,1.17,39.78169620253165,1275.0
lucas,2,0.05,0.8587728194726166,2.25,2.25,44.41247464503042,282.0
lucas,3,0.05,0.847481343283582,1.8,1.75,45.58828358208955,637.5
lucas,4,0.05,0.7941326530612245,1.8,0.5,46.64180272108844,525.0
lucas,5,0.05,0.818438077634011,4.5,2.38,49.1241404805915,1710.0
lucas,6,0.05,0.7819058641975308,1.8,2.1500000000000004,48.78333333333333,1275.0
lucas,7,0.05,0.8621121718377088,4.5,2.38,69.25842482100238,1260.0
lucas,8,0.05,0.8201075268817205,1.75,2.1500000000000004,47.98329032258064,648.0
lucas,9,0.05,0.8326923076923076,2.25,1.75,43.71423076923077,300.0
lucas,10,0.05,0.8221922246220302,1.75,2.38,49.70902807775378,1080.0
lucas,11,0.05,0.8016116941529234,1.75,1.6500000000000004,56.41823088455772,4440.0
lucas,12,0.05,0.7924074074074073,1.75,1.17,47.632407407407406,1597.44
lyon,1,0.05,0.8915289256198347,1.75,0.5,38.31667060212515,360.0
lyon,2,0.05,0.8593006993006993,1.75,2.35,37.00092307692308,270.0
lyon,3,0.05,0.9132554945054946,2.4,1.82,43.90872252747253,1279.9999999999998
lyon,4,0.05,0.9243243243243243,2.25,0.5,42.96128992628992,345.0
lyon,5,0.05,0.9485795454545454,2.25,2.31,45.22078125,315.0
lyon,6,0.05,0.9379640718562875,4.5,1.0700000000000005,42.03493413173653,825.0
lyon,7,0.02,0.8671247240618102,1.75,1.44,39.741335540838854,399.0
lyon,8,0.05,0.8938275434243176,1.75,2.25,45.13668734491315,3600.0
lyon,9,0.05,0.871224340175953,1.75,2.0500000000000007,43.65841642228739,448.5
lyon,10,0.05,0.9078125,1.75,2.0500000000000007,41.75514150943396,907.5
lyon,11,0.05,0.8860542168674699,5.25,1.82,39.81955421686747,630.0
lyon,12,0.05,0.9025242718446602,5.25,1.82,40.210349514563106,1072.5
madison,1,0.05,0.8202503209242619,1.8,0.9199999999999996,43.50536585365854,1980.0000000000005
madison,2,0.05,0.8132402707275804,1.75,1.0,50.72098138747885,2268.0
madison,3,0.05,0.8586764705882353,1.75,1.63,48.24342647058823,1347.0
madison,4,0.05,0.8076897905759163,1.75,1.0,39.99306282722513,637.5
madison,5,0.05,0.7613854595336076,1.8,0.9199999999999996,46.130315500685874,637.5
madison,6,0.05,0.7529605263157895,4.5,0.5,40.07558479532164,637.5
madison,7,0.05,0.8195593035908596,1.8,2.0,46.37936887921654,2550.0
madison,8,0.02,0.8679736842105263,1.75,0.9199999999999996,40.11931578947368,690.0
madison,9,0.05,0.7444493783303731,1.75,2.42,49.006696269982235,1275.0
madison,10,0.05,0.727774193548387,4.5,0.5,42.40232258064516,618.8399999999999
madison,11,0.05,0.8039985052316891,2.25,1.0,48.43467862481315,1665.0
madison,12,0.05,0.7618803879310344,5.25,0.9199999999999996,47.057543103448275,2550.0
mahaska,1,0.05,0.8409196067090804,2.25,1.6500000000000004,35.79602082128398,637.5
mahaska,2,0.05,0.8407857142857142,4.5,1.88,43.52196428571428,2100.0
mahaska,3,0.05,0.8499417701863353,4.5,0.5,42.93083074534161,1020.0
mahaska,4,0.05,0.8648009950248756,2.25,2.0,40.44276119402985,324.0
mahaska,5,0.05,0.8646024027459954,4.5,2.3000000000000007,41.13143020594966,600.0
mahaska,6,0.05,0.8874896437448219,2.25,1.63,41.34493786246893,867.0
mahaska,7,0.05,0.8774209818426362,4.5,1.6500000000000004,37.599583053127105,862.5
mahaska,8,0.05,0.8508670520231215,2.25,0.5900000000000001,37.94712634186623,345.0
mahaska,9,0.05,0.8472448979591837,1.8,2.5,42.97660408163265,432.0
mahaska,10,0.05,0.843706950532248,1.75,1.88,46.73976831559174,998.4
mahaska,11,0.05,0.8274946921443737,1.75,2.3000000000000007,48.123099787685774,6105.0
mahaska,12,0.05,0.8460841313269494,5.25,2.0,43.168071135430914,517.5
marion,1,0.05,0.8561663757998836,1.75,1.75,48.60929610238511,645.0
marion,2,0.05,0.8325925925925927,2.25,0.5,57.58022895622896,4726.5
marion,3,0.05,0.84649721016739,1.75,0.5,58.05605083694979,5700.0
marion,4,0.05,0.850113858165257,1.75,1.6500000000000004,56.44375406636305,2550.0
marion,5,0.05,0.8282658300057045,2.25,0.5,50.336999429549344,2280.0
marion,6,0.05,0.8691952147906471,2.25,0.9199999999999996,51.581381185426864,2388.0000000000005
marion,7,0.05,0.8432975871313673,2.25,1.75,59.835286863270774,2397.0
marion,8,0.05,0.877754590984975,2.25,0.97,52.604396215915415,3420.0
marion,9,0.05,0.8452978971962617,2.25,0.5,51.89640771028037,2970.0
marion,10,0.05,0.8384355655599325,1.75,1.6500000000000004,59.81446820483961,2160.0000000000005
marion,11,0.05,0.8284818569903949,5.25,1.75,61.16520811099253,6105.0
marion,12,0.05,0.8469649021864212,5.25,1.0000000000000002,52.75675489067894,900.0
marshall,1,0.02,0.8026186017478153,4.5,0.6000000000000001,43.22035580524344,3300.000000000001
marshall,2,0.05,0.7895200698080279,4.5,0.97,41.855905759162304,2139.0
marshall,3,0.05,0.8250759013282731,4.5,0.97,45.52565464895636,2451.0
marshall,4,0.05,0.7987393162393162,4.5,0.96,46.37057834757835,3465.0
marshall,5,0.02,0.8052403682236617,4.5,1.0000000000000002,45.18457551994544,4680.0
marshall,6,0.05,0.8219898819561551,4.5,0.5,46.81397639123103,2700.0
marshall,7,0.05,0.8048525280898877,2.4,1.0000000000000002,49.9666095505618,5550.0
marshall,8,0.05,0.8075100255195042,4.5,0.5,44.9021910317171,3420.0
marshall,9,0.05,0.8056906272022551,4.5,0.5,46.71590909090909,3510.0
marshall,10,0.05,0.8003882418191902,4.5,0.5,47.30952856350527,3251.520000000001
marshall,11,0.02,0.8040734924623116,5.25,1.0000000000000002,51.24202261306533,3420.0
marshall,12,0.05,0.8054140885292718,5.25,0.48,47.070118990956686,3150.0
mills,1,0.05,0.7669612794612795,1.75,1.96,31.52973063973064,228.0
mills,2,0.05,0.7084452975047985,1.75,1.96,34.57034548944338,456.0
mills,3,0.05,0.7757261410788382,1.75,1.96,33.06135546334716,456.0
mills,4,0.05,0.7000000000000001,1.75,1.75,31.743120356612184,456.0
mills,5,0.05,0.7189624853458382,1.75,1.4000000000000004,29.498440797186404,570.0
mills,6,0.05,0.7221633416458852,1.75,1.96,32.05791770573566,570.0
mills,7,0.05,0.7118610223642172,1.75,1.25,35.75364217252396,387.00000000000006
mills,8,0.05,0.6447067238912733,1.75,1.96,27.897510729613735,513.0
mills,9,0.05,0.7174295774647887,1.75,2.4000000000000004,39.91804225352113,998.4
mills,10,0.05,0.6838524590163934,1.75,1.0,29.181868852459015,228.0
mills,11,0.05,0.6991103202846976,1.75,1.38,31.687307236061685,570.0
mills,12,0.05,0.7147674418604651,1.75,0.9199999999999996,31.960581395348836,570.0
mitchell,1,0.05,0.9895695364238412,1.75,2.869999999999999,49.981125827814566,270.0
mitchell,2,0.05,1.006021897810219,1.75,3.380000000000001,73.28171532846714,2863.5
mitchell,3,0.05,0.9942084942084942,1.75,2.3000000000000007,45.56169884169884,210.0
mitchell,4,0.05,1.0585648148148148,1.75,2.959999999999999,50.632345679012346,975.0
mitchell,5,0.05,0.9765287769784173,1.75,3.000000000000001,55.8681654676259,1710.0
mitchell,6,0.05,0.9814241486068112,1.75,2.4399999999999995,50.31346749226006,975.0
mitchell,7,0.05,0.9521400778210116,1.75,3.000000000000001,44.623463035019455,258.00000000000006
mitchell,8,0.05,0.9701508620689655,1.75,1.7600000000000002,59.99443965517242,1710.0
mitchell,9,0.05,1.0441281138790035,1.75,4.52,72.80249110320284,1292.4000000000003
mitchell,10,0.05,0.9176328502415458,1.75,2.31,54.77328502415459,210.0
mitchell,11,0.05,0.9105731225296443,1.75,2.31,62.082292490118576,975.0
mitchell,12,0.05,0.9510344827586207,1.75,2.13,55.602310344827586,659.9999999999998
monona,1,0.05,0.8560215557638238,1.8,1.75,23.836991565135893,168.0
monona,2,0.05,0.857825484764543,2.25,0.5,27.29168975069252,155.99999999999994
monona,3,0.05,0.8408422459893049,1.8,0.5,26.63544117647059,240.0
monona,4,0.05,0.8281639501438159,2.25,1.88,27.371025886864814,306.0
monona,5,0.05,0.9229721549636803,1.75,1.75,25.131501210653752,315.0
monona,6,0.05,0.8067671394799054,2.25,1.63,31.096914893617022,270.0
monona,7,0.05,0.8445518867924529,4.5,1.17,24.80816037735849,374.83
monona,8,0.02,0.8298866348448688,1.8,2.0,27.089737470167066,309.6
monona,9,0.02,0.8439242788461538,4.5,2.1500000000000004,27.691802884615388,374.83
monona,10,0.05,0.7855402542372881,1.75,2.0000000000000004,26.991610169491526,210.0
monona,11,0.05,0.815455746367239,1.8,2.18,29.257291941875827,210.0
monona,12,0.05,0.8029330889092575,5.25,0.9199999999999996,23.534417965169567,204.0
monroe,1,0.05,0.9135892116182573,1.75,4.25,40.79580912863071,125.87999999999998
monroe,2,0.05,0.8378888888888889,1.75,3.630000000000001,41.995333333333335,168.0
monroe,3,0.05,0.9001766784452296,1.75,2.959999999999999,43.86932862190813,645.0
monroe,4,0.05,0.8641752577319587,1.75,2.42,40.21553264604811,171.0
monroe,5,0.05,0.9226190476190477,1.75,5.919999999999998,43.42209523809524,167.88
monroe,6,0.05,0.9402815013404826,1.8,2.1800000000000006,42.9487399463807,210.0
monroe,7,0.05,0.9109144542772861,1.75,5.25,55.21056047197641,1122.0
monroe,8,0.05,0.9535433070866142,1.75,5.26,56.81425196850394,1710.0
monroe,9,0.05,0.9446061643835616,1.75,2.4000000000000004,48.95010273972603,539.9999999999999
monroe,10,0.05,0.8822080291970803,1.75,5.0,61.161605839416055,2167.5
monroe,11,0.05,0.8569723618090452,1.75,2.42,48.24628140703518,210.0
monroe,12,0.05,0.8515939597315436,1.75,7.5,52.05724832214765,248.03999999999996
montgomery,1,0.05,0.7782474226804124,1.75,3.3000000000000007,46.32049484536082,637.5
montgomery,2,0.05,0.8235294117647058,1.8,2.4000000000000004,55.06,1005.0
montgomery,3,0.05,0.8163764510779435,2.25,0.5,52.37252072968491,2850.0
montgomery,4,0.05,0.7050196850393701,1.75,1.75,45.005,637.5
montgomery,5,0.05,0.8098790322580645,1.8,1.0,50.50141129032258,637.5
montgomery,6,0.05,0.7273624823695346,2.25,2.1500000000000004,42.016643159379406,637.5
montgomery,7,0.05,0.7655622489959839,1.8,2.5,49.585180722891565,724.5
montgomery,8,0.05,0.7321912013536379,2.25,2.31,44.38279187817259,645.0
montgomery,9,0.05,0.7317468619246862,1.75,2.4000000000000004,46.11096234309623,724.5
montgomery,10,0.05,0.782051282051282,2.25,2.5,50.552031558185405,1275.0
montgomery,11,0.02,0.7295778364116094,1.75,3.0,48.64222955145119,1275.0
montgomery,12,0.05,0.7478653530377668,1.75,0.5,51.24013136288998,586.5
muscatine,1,0.05,0.7635707561970505,2.4,1.0,37.73188892375275,1549.7999999999995
muscatine,2,0.05,0.7406575395295025,2.4,1.0,40.00130736598535,1710.0
muscatine,3,0.05,0.7673212192262603,2.4,1.0000000000000002,45.97332551778039,5586.0
muscatine,4,0.05,0.752506468305304,2.4,0.5,43.72091849935317,1132.8000000000002
muscatine,5,0.05,0.7326337368215541,2.4,1.0,45.93795001952362,6840.0
muscatine,6,0.05,0.7578131292790979,2.4,1.5,44.781655255739025,2386.5
muscatine,7,0.05,0.7556411618845201,2.4,1.5,39.91992915338293,2850.0
muscatine,8,0.05,0.7444969742813918,2.4,0.5,40.8317965204236,3420.0
muscatine,9,0.05,0.740418956043956,2.4,1.0,45.28723214285715,3330.0
muscatine,10,0.05,0.7332977898410237,2.25,0.92,50.31777820860799,1710.0
muscatine,11,0.05,0.7388127853881279,2.25,0.9199999999999996,46.150800842992616,9712.5
muscatine,12,0.05,0.7726230255164034,5.25,0.5,43.66177095990279,1699.2000000000005
o'brien,1,0.05,0.8689793195463642,1.75,1.0000000000000002,36.29472314876585,3420.0
o'brien,2,0.05,0.8638397017707362,1.75,1.25,40.51208760484623,4830.0
o'brien,3,0.05,0.886533212010919,1.75,1.0000000000000002,43.492402183803456,6270.0
o'brien,4,0.05,0.8984966592427618,1.75,1.0000000000000002,32.98995545657016,300.0
o'brien,5,0.05,0.9259959349593495,4.5,1.5300000000000002,36.37825203252032,900.0
o'brien,6,0.05,0.903316906747536,2.25,1.0000000000000002,35.001667930250186,798.0
o'brien,7,0.05,0.9150030998140112,1.75,1.0000000000000002,42.69392436453813,2850.0
o'brien,8,0.05,0.8810135790494665,1.75,0.5800000000000001,34.64650824442289,375.0
o'brien,9,0.05,0.9129485935984482,1.75,1.0000000000000002,39.95291949563531,2775.0
o'brien,10,0.05,0.9366041666666667,2.25,1.8200000000000005,47.218741666666666,5175.0
o'brien,11,0.05,0.8915801186943619,1.75,1.13,42.776357566765576,5550.0
o'brien,12,0.05,0.8761153601019758,5.25,0.6200000000000001,39.92140216698534,2242.5
osceola,1,0.05,0.9181149732620321,1.8,2.1000000000000005,32.897486631016044,168.0
osceola,2,0.05,0.9120762711864406,1.75,2.35,40.09673728813559,240.0
osceola,3,0.05,0.9551886792452831,1.75,2.959999999999999,39.065235849056606,246.0
osceola,4,0.05,0.9190359477124184,2.25,2.0,35.837712418300654,210.0
osceola,5,0.05,0.9852459016393443,2.4,2.3000000000000007,43.548524590163936,210.0
osceola,6,0.05,0.9956161137440758,1.75,2.25,38.10521327014218,210.0
osceola,7,0.05,0.9334558823529412,1.75,2.5,35.41518382352941,233.99999999999997
osceola,8,0.05,0.973125,1.75,1.0,37.64941666666667,207.0
osceola,9,0.05,0.9134533898305084,1.75,2.4000000000000004,38.92322033898305,210.0
osceola,10,0.05,1.026309523809524,1.8,2.42,36.03019047619048,210.0
osceola,11,0.05,0.9141528925619834,1.75,2.5,41.96371900826446,276.0
osceola,12,0.05,0.9224506578947369,1.75,2.12,37.43111842105263,207.0
page,1,0.02,0.870633626097867,1.75,1.8000000000000005,40.902873274780426,1368.0
page,2,0.05,0.9192151162790697,1.75,2.42,50.89711627906976,1710.0
page,3,0.05,0.9180459272097053,2.25,1.3199999999999998,40.30739168110919,1200.0
page,4,0.05,0.8807027027027027,1.75,2.0,41.290864864864865,1122.0
page,5,0.05,0.8993834080717489,2.25,2.0000000000000004,43.27300448430493,1710.0
page,6,0.05,0.8789808917197452,2.25,1.63,37.65820859872611,540.0
page,7,0.05,0.9486431870669746,2.25,1.0000000000000002,41.28586605080831,1200.0
page,8,0.05,0.9019949066213921,2.25,1.75,42.43893887945671,1710.0
page,9,0.05,0.8791666666666668,1.75,2.3000000000000007,47.573543123543125,2053.5
page,10,0.05,0.8682126696832579,1.75,2.25,54.05766968325792,2167.5
page,11,0.05,0.8952901597981497,5.25,1.27,53.7573338940286,3330.0
page,12,0.05,0.8815153010858835,2.4,1.96,42.940898321816384,862.5
palo alto,1,0.05,0.8914823008849557,1.8,0.96,42.1662389380531,1710.0
palo alto,2,0.05,0.9196014492753622,1.75,2.3000000000000007,52.031623188405796,3420.0
palo alto,3,0.05,0.9732568027210884,1.75,1.5300000000000002,54.55644557823129,5985.0
palo alto,4,0.05,0.9371100917431193,2.25,2.33,47.964990825688076,1710.0
palo alto,5,0.05,0.936876731301939,2.25,0.9199999999999996,53.11620498614958,4105.5
palo alto,6,0.05,0.8728062913907284,2.25,2.5,42.18574503311258,840.0
palo alto,7,0.05,0.9178106936416185,2.25,2.0,48.10868497109826,1732.5
palo alto,8,0.05,0.9377643504531722,2.25,2.1500000000000004,41.47238670694864,3420.0
palo alto,9,0.05,0.903046421663443,1.8,1.75,44.11495164410058,2415.0
palo alto,10,0.05,0.8292372881355932,1.8,2.3000000000000007,46.4802157164869,2484.0
palo alto,11,0.05,0.9454435483870967,1.75,2.4000000000000004,54.13243548387097,2220.0
palo alto,12,0.05,0.8887596899224807,1.75,2.31,48.555612403100774,2311.5
plymouth,1,0.05,0.8711627014581734,1.75,2.33,47.38254029163469,3960.0
plymouth,2,0.05,0.8712224753227031,1.75,2.31,56.17809415337889,4830.0
plymouth,3,0.05,0.88052016985138,1.75,2.4000000000000004,51.69550955414012,5586.0
plymouth,4,0.05,0.863408071748879,1.75,2.13,43.52531838565023,529.5
plymouth,5,0.05,0.9250338066260987,2.25,1.88,50.59699121027721,4381.5
plymouth,6,0.02,0.8714543168482817,1.8,2.5,42.406119027661354,600.0
plymouth,7,0.05,0.8839537617554859,1.8,1.97,43.04932601880878,1005.0
plymouth,8,0.05,0.899981590574374,1.75,1.75,53.432614138438886,3420.0
plymouth,9,0.05,0.8955958549222797,1.75,1.0,50.00078583765112,1906.2
plymouth,10,0.05,0.8860888565185724,2.25,1.88,55.70545520757465,2587.5
plymouth,11,0.05,0.8661558669001751,1.75,2.13,58.18289842381786,5439.0
plymouth,12,0.05,0.8530866564417178,1.75,2.31,46.80106595092024,2242.5
pocahontas,1,0.02,0.9212621359223302,1.75,2.5,33.619870550161814,317.70000000000005
pocahontas,2,0.05,0.8664915966386555,1.75,2.3000000000000007,52.26176470588235,2587.5
pocahontas,3,0.05,0.8689759036144579,1.75,2.4399999999999995,31.81632530120482,210.0
pocahontas,4,0.05,0.8844444444444445,1.75,2.42,35.06685185185185,750.0
pocahontas,5,0.05,0.8275757575757576,1.75,2.5,33.76321212121212,450.0
pocahontas,6,0.05,0.8267374517374517,1.75,3.130000000000001,34.990386100386104,342.0
pocahontas,7,0.05,0.824793388429752,1.75,2.4399999999999995,43.79842975206611,2587.5
pocahontas,8,0.05,0.8557692307692307,1.75,3.2700000000000005,37.18096153846154,171.0
pocahontas,9,0.05,0.7735632183908046,1.75,2.38,34.873879310344826,570.0
pocahontas,10,0.05,0.7793918918918918,1.75,2.18,31.32043918918919,210.0
pocahontas,11,0.05,0.7785714285714286,1.75,2.18,36.64150943396226,210.0
pocahontas,12,0.05,0.8439903846153846,1.75,0.5,39.72054487179487,2242.5
polk,1,0.02,0.7293930104230534,4.5,0.48,62.94150546699367,86988.00000000001
polk,2,0.02,0.7237300712658878,4.5,0.5,67.24577155731883,16740.000000000004
polk,3,0.02,0.7207095162788363,4.5,0.5,66.45599492933705,6923.399999999999
polk,4,0.05,0.7279078182317271,4.5,0.49,71.38286402315774,86988.00000000001
polk,5,0.02,0.7285631535893524,4.5,0.5,66.54931993544251,9900.000000000002
polk,6,0.05,0.7227922460523215,4.5,0.5,69.3837277869432,13020.000000000004
polk,7,0.02,0.7257185177618306,5.25,0.5,69.19787343259188,86988.00000000001
polk,8,0.05,0.7140508939241277,4.5,0.6000000000000001,66.31397661503854,6923.399999999999
polk,9,0.05,0.7095132798330394,5.25,0.5,67.5063884817014,11160.000000000002
polk,10,0.02,0.7214575198599704,4.5,0.5,79.57773125084152,86988.00000000001
polk,11,0.02,0.7214160622892765,5.25,0.5,68.8474252310379,10080.0
polk,12,0.05,0.7268408221207258,5.25,0.5,64.37032732584454,13950.0
pottawattamie,1,0.05,0.6803391768292683,2.25,1.0000000000000002,61.148064024390244,6000.0
pottawattamie,2,0.02,0.6802626150428436,2.4,0.5,68.92499682640432,5731.200000000001
pottawattamie,3,0.02,0.6721261261261262,2.4,0.49,60.78917117117117,6000.0
pottawattamie,4,0.02,0.6636739756722151,2.25,0.5,67.44678617157491,8100.0
pottawattamie,5,0.02,0.6790225721053366,2.25,1.38,68.71132785286332,4092.0
pottawattamie,6,0.02,0.658020311829495,2.25,0.9199999999999996,62.33623229866972,5700.0
pottawattamie,7,0.02,0.6466993749091439,5.25,1.38,68.15672481465329,6000.0
pottawattamie,8,0.02,0.6513438160676532,2.25,0.5,65.34688028541227,7875.0
pottawattamie,9,0.02,0.656473810338925,2.25,0.98,64.600237932215,3330.0
pottawattamie,10,0.02,0.6561687144141445,2.25,0.9199999999999996,73.18409199880132,5472.0
pottawattamie,11,0.02,0.657396283209004,5.25,0.6000000000000001,65.94564585787201,6382.5
pottawattamie,12,0.02,0.6837139830508474,5.25,0.98,70.15479096045198,4794.0
poweshiek,1,0.05,0.8796394799054373,1.8,1.6500000000000004,33.70802009456265,1050.0000000000002
poweshiek,2,0.05,0.8512677484787019,1.75,1.5099999999999998,41.74234617985125,4761.0
poweshiek,3,0.05,0.8493309859154929,2.4,1.0,34.80030281690141,840.0
poweshiek,4,0.05,0.8078383206788745,2.25,0.5,31.60337204108977,276.0
poweshiek,5,0.05,0.850947653429603,2.25,0.5,37.012069795427195,1710.0
poweshiek,6,0.05,0.8936120401337793,4.5,2.0,35.31130434782609,3011.25
poweshiek,7,0.05,0.874869109947644,1.8,1.63,35.16125654450261,460.4999999999999
poweshiek,8,0.05,0.8801117685733071,1.75,1.0,37.77212360289283,3420.0
poweshiek,9,0.05,0.8362499999999999,1.75,0.5,36.269576923076926,1035.0
poweshiek,10,0.05,0.8435746352413019,1.75,1.2000000000000002,38.95994388327721,2587.5
poweshiek,11,0.05,0.8501625295508274,1.75,1.0,45.379131205673765,6105.0
poweshiek,12,0.05,0.8414339152119701,1.75,1.75,34.995770573566084,600.0
ringgold,1,0.05,1.0989208633093526,1.75,2.5,57.63201438848921,300.0
ringgold,2,0.05,1.0224489795918368,1.75,2.42,55.17510204081633,570.0
ringgold,3,0.05,1.0659574468085107,1.75,4.879999999999999,50.34482269503546,360.0
ringgold,4,0.05,1.168,1.75,5.0,49.766000000000005,210.0
ringgold,5,0.05,1.1740671641791043,1.75,2.5,54.0060447761194,285.0
ringgold,6,0.05,1.0779503105590063,1.75,5.0,62.10254658385093,1275.0
ringgold,7,0.05,1.2021341463414634,1.75,12.900000000000002,52.81585365853658,171.0
ringgold,8,0.05,1.124810606060606,1.75,4.130000000000001,53.93022727272727,171.0
ringgold,9,0.05,0.9843181818181819,1.75,4.17,70.49836363636364,1275.0
ringgold,10,0.05,1.0992574257425742,1.75,5.760000000000002,60.53306930693069,342.0
ringgold,11,0.05,1.0083904109589041,1.75,1.0,65.16643835616438,414.0
ringgold,12,0.05,0.9341269841269841,1.75,12.900000000000002,66.41190476190476,360.0000000000001
sac,1,0.05,1.0206885456885457,2.25,1.5,32.30988416988417,315.0
sac,2,0.05,0.9837848932676518,1.75,2.25,35.426617405582924,360.0
sac,3,0.05,1.0491154562383613,1.8,1.67,37.001657355679704,210.0
sac,4,0.05,1.006644417475728,1.75,1.0,37.52472087378641,310.5
sac,5,0.05,0.9898013245033112,1.8,2.1500000000000004,39.91645033112582,315.0
sac,6,0.05,0.9901639344262294,1.8,2.1500000000000004,38.1198087431694,345.0
sac,7,0.05,1.0169194865810969,1.75,1.0,37.188028004667444,237.24000000000007
sac,8,0.05,0.9240141955835963,1.8,2.31,35.64977917981072,180.0
sac,9,0.05,0.993968023255814,1.75,2.31,37.70877906976744,210.0
sac,10,0.02,1.0212230769230768,1.8,2.42,37.2483076923077,241.5
sac,11,0.05,0.9887624466571835,1.75,2.18,34.69783783783784,210.0
sac,12,0.05,1.0586858974358975,5.25,2.25,34.150423076923076,225.0
scott,1,0.02,0.7333159190984402,2.4,0.5,57.11571833718934,4320.000000000001
scott,2,0.02,0.7190973751835535,2.4,1.0,61.53971732745962,6264.000000000002
scott,3,0.02,0.7272909594425585,4.5,0.49,62.623863676969805,4959.0
scott,4,0.02,0.7232955254942768,2.4,0.9199999999999996,62.918623655913976,6270.0
scott,5,0.02,0.7225997203717411,4.5,0.5,63.665534994654166,5071.5
scott,6,0.02,0.7206012978257206,2.4,0.5,65.40484072138884,7708.800000000002
scott,7,0.02,0.7255481812848343,5.25,0.7000000000000002,61.28046201232033,6209.999999999998
scott,8,0.02,0.7002314159292036,2.4,0.5,63.828297345132746,7830.000000000003
scott,9,0.02,0.7034267645858834,4.5,0.7000000000000002,60.92440799673603,4920.0
scott,10,0.02,0.7092163843195025,2.4,0.6599999999999999,72.6077444962763,6840.0
scott,11,0.02,0.7229344705286269,5.25,0.7000000000000002,68.73768197939538,5772.0
scott,12,0.02,0.7103110467075554,5.25,0.98,62.2416371234077,6804.0
shelby,1,0.05,0.8744137353433835,1.75,2.24,45.80509212730318,1998.0
shelby,2,0.05,0.8474242424242425,1.75,3.22,57.95915151515151,3622.5
shelby,3,0.05,0.8613683127572016,1.75,2.1500000000000004,61.602366255144034,6840.0
shelby,4,0.05,0.8584513274336283,1.75,2.42,50.804123893805304,1557.6
shelby,5,0.05,0.8933729433272395,1.75,2.5,62.89564899451553,1710.0
shelby,6,0.05,0.8423410404624277,1.75,2.0,49.086339113680154,900.0
shelby,7,0.05,0.8253424657534246,1.75,3.5,46.29,2587.5
shelby,8,0.05,0.8615145228215768,1.75,3.94,65.52286307053942,1710.0
shelby,9,0.05,0.7968106995884774,1.75,3.75,50.57491769547325,2242.5
shelby,10,0.05,0.8267377567140601,1.75,2.710000000000001,98.38567140600315,5670.0
shelby,11,0.05,0.8142391304347827,2.4,3.5,75.15821739130435,6382.5
shelby,12,0.05,0.782453637660485,1.75,2.5,57.98855920114122,2587.5
sioux,1,0.05,0.908936403508772,1.75,0.8799999999999999,42.40310307017543,600.0
sioux,2,0.05,0.9376876340243031,1.75,1.6500000000000004,51.04208720514654,1260.0
sioux,3,0.05,0.9434306569343066,1.75,2.0,56.90903649635037,5700.0
sioux,4,0.05,0.9695671121441023,2.25,1.17,45.441214410226614,2388.0000000000005
sioux,5,0.05,0.9747014456316782,1.75,0.97,53.24270898805782,2484.0
sioux,6,0.05,0.9590006618133686,1.75,1.87,48.7679682329583,1500.0
sioux,7,0.05,0.9661315461346633,1.75,1.25,47.84471945137157,1897.5
sioux,8,0.05,0.9778417533432392,1.75,2.25,45.49745170876672,1710.0
sioux,9,0.05,0.9546125461254612,1.75,1.17,52.96935793357933,1665.0
sioux,10,0.05,0.9489627821842587,2.25,2.31,70.09411226357535,3570.0
sioux,11,0.05,0.9393711656441718,2.4,1.0,64.82393865030676,6105.0
sioux,12,0.05,0.9315320041972718,5.25,1.38,50.8556610703043,1725.0
story,1,0.05,0.7916472157385795,4.5,1.6500000000000004,49.32830610203401,3763.199999999999
story,2,0.05,0.7940621922048684,2.4,1.0,51.74097228084987,4933.5
story,3,0.05,0.7785589213797934,4.5,0.5,54.98308877604622,3933.0
story,4,0.02,0.7947677685950414,2.4,1.0,52.58093223140496,4104.0
story,5,0.05,0.7863141862489121,4.5,1.0,50.82827241079199,2850.0
story,6,0.02,0.7633870402802101,2.25,1.0,48.59301926444834,4608.0
story,7,0.05,0.7965040371070262,5.25,0.5,47.62430853805188,4899.0
story,8,0.05,0.7876016260162602,2.25,0.9199999999999996,53.27176904546824,6840.0
story,9,0.05,0.7899157054125998,5.25,0.5,60.994488021295474,4692.0
story,10,0.05,0.7804776906262054,2.4,1.0,58.9152848141957,5472.0
story,11,0.02,0.7839115365571877,5.25,0.9199999999999996,56.54481927710843,6840.0
story,12,0.05,0.7863867499636786,5.25,1.8000000000000005,50.655792532326025,7488.0
tama,1,0.05,0.8467312348668281,1.75,2.38,39.583329297820825,495.0
tama,2,0.05,0.8651060070671378,1.8,2.25,44.73839222614841,690.0
tama,3,0.02,0.795,1.75,1.88,41.92342771982116,570.0
tama,4,0.05,0.816060225846926,1.75,2.880000000000001,40.98393977415307,330.0
tama,5,0.05,0.8096761453396524,1.75,1.88,54.02382306477094,2484.0
tama,6,0.02,0.8490194489465155,1.75,2.0,41.39508914100486,529.5
tama,7,0.02,0.8342046855733661,1.75,1.61,38.82974106041924,816.0
tama,8,0.05,0.793445558739255,1.75,2.5,41.512449856733525,1059.0
tama,9,0.05,0.7265789473684211,1.75,1.7200000000000002,36.53302105263158,672.0000000000002
tama,10,0.05,0.8062569521690768,2.4,2.18,59.49423804226919,2242.5
tama,11,0.05,0.7885456885456886,1.75,1.7600000000000002,46.061415701415704,2497.5
tama,12,0.02,0.8177052631578948,5.25,2.25,38.21266315789474,2118.0
taylor,1,0.05,0.8879370629370629,1.75,3.25,26.531048951048952,114.0
taylor,2,0.05,0.8220890410958904,1.75,2.13,29.848424657534245,120.0
taylor,3,0.05,0.8255319148936171,1.75,3.25,30.22787234042553,309.6
taylor,4,0.05,0.8563609467455621,1.75,4.369999999999999,27.9512426035503,206.40000000000003
taylor,5,0.05,0.7811619718309859,1.75,4.5,29.923661971830985,105.0
taylor,6,0.05,0.8287209302325582,1.75,1.38,27.247023255813954,184.19999999999996
taylor,7,0.05,0.800462962962963,1.75,1.88,28.824351851851855,114.0
taylor,8,0.05,0.8179032258064517,1.75,3.25,28.814322580645165,108.0
taylor,9,0.05,0.75625,1.75,3.380000000000001,29.957416666666667,105.0
taylor,10,0.05,0.896404109589041,1.75,3.380000000000001,27.829931506849316,130.79999999999998
taylor,11,0.05,0.7164351851851852,1.75,3.76,36.509861111111114,210.0
taylor,12,0.05,0.8616580310880829,1.75,3.25,30.238963730569946,210.0
union,1,0.05,0.8968518518518519,1.8,3.09,47.641822222222224,1254.0
union,2,0.05,0.904428391959799,1.8,2.3000000000000007,50.98927135678392,840.0
union,3,0.05,0.9043714285714286,1.75,0.9199999999999996,51.99164571428572,1500.0
union,4,0.05,0.8183942225998301,1.75,2.0,38.07573491928632,525.0
union,5,0.05,0.8878456221198157,1.75,1.75,47.26706221198157,1863.0
union,6,0.05,0.9009640102827763,1.8,2.3000000000000007,44.930856898029134,828.0
union,7,0.05,0.8787049861495845,1.75,2.0,45.04229916897507,1140.0
union,8,0.05,0.9034729586426299,4.5,2.4000000000000004,46.053032873807,998.4
union,9,0.05,0.908205619412516,4.5,2.25,50.804597701149426,1725.0
union,10,0.05,0.9041528239202657,2.25,1.96,57.84375415282393,2587.5
union,11,0.05,0.8578840970350404,2.25,0.5,52.557735849056606,1710.0
union,12,0.05,0.9343608597285068,4.5,2.3000000000000007,53.18518099547511,2070.0
van buren,1,0.05,0.8991106719367589,4.5,2.7700000000000005,28.04826086956522,105.0
van buren,2,0.05,0.8574999999999999,4.5,2.5,29.648619047619047,360.0
van buren,3,0.05,0.7885365853658537,2.25,2.25,35.68868292682927,228.0
van buren,4,0.05,0.875,1.75,2.5,32.238238095238096,210.0
van buren,5,0.05,0.846953125,1.75,1.63,31.273593749999996,315.0
van buren,6,0.05,0.8770718232044199,1.75,3.5,27.736408839779006,114.0
van buren,7,0.05,0.8921810699588478,1.75,2.25,30.341769547325104,114.0
van buren,8,0.05,0.8286486486486487,1.8,3.5,31.680432432432433,121.68
van buren,9,0.05,0.9135775862068966,4.5,2.4000000000000004,31.439137931034484,210.0
van buren,10,0.05,0.7887404580152672,2.25,2.25,27.924618320610687,210.0
van buren,11,0.05,0.830739299610895,1.75,2.25,32.978521400778206,210.0
van buren,12,0.05,0.799867724867725,5.25,2.76,32.99560846560846,105.0
wapello,1,0.05,0.7415262397688975,2.4,1.6500000000000004,46.81661049590756,1710.0
wapello,2,0.05,0.7743458183683941,2.4,1.75,50.416967675731144,1581.6000000000004
wapello,3,0.05,0.8050045913682277,2.25,2.0,56.67936179981634,6840.0
wapello,4,0.05,0.7668111992071358,1.75,1.2400000000000002,52.54037661050545,1530.0
wapello,5,0.05,0.7811318525519849,4.5,1.0000000000000002,52.449423440453685,1710.0
wapello,6,0.05,0.7660837738918259,2.4,1.75,50.30409922732818,2850.0
wapello,7,0.02,0.7526299559471366,1.75,1.75,49.06446696035242,1734.0
wapello,8,0.05,0.7431889352818372,1.75,1.0000000000000002,50.82315240083508,3505.5
wapello,9,0.05,0.7556741573033708,5.25,1.0,47.611173033707864,637.5
wapello,10,0.05,0.7287476503759399,2.4,1.0,52.8696992481203,1734.0
wapello,11,0.02,0.7692112564407452,5.25,1.0,57.38939357907253,5550.0
wapello,12,0.05,0.7601847778266608,5.25,1.96,52.21090189177299,2550.0
warren,1,0.05,0.76062124248497,1.75,0.5,42.906272545090175,960.0
warren,2,0.05,0.7312009553053566,2.4,2.0,54.85967587853975,3506.25
warren,3,0.05,0.7362667946257198,1.75,1.0,49.99142034548944,3477.0
warren,4,0.02,0.7273630792799693,1.75,0.5,49.175645346610494,2496.0
warren,5,0.05,0.7430390995260664,2.25,1.17,54.62337677725119,4200.0
warren,6,0.02,0.7409977661950856,2.25,0.5,48.533335815338795,1290.0
warren,7,0.02,0.7511662198391421,2.4,0.6200000000000001,54.559057832248186,3249.0
warren,8,0.05,0.726792044111855,4.5,1.6500000000000004,49.06013784954707,3420.0
warren,9,0.02,0.7431966824644549,5.25,0.6000000000000001,52.28829383886256,2560.8
warren,10,0.05,0.7145632864544782,2.25,1.96,56.19065877128053,2223.0
warren,11,0.05,0.7488364909390445,2.25,1.0,59.38400741350906,5550.0
warren,12,0.05,0.7594594594594594,5.25,0.5,51.220589680589676,1307.9999999999998
washington,1,0.05,0.843006304176517,1.75,1.8200000000000005,51.59832151300237,1140.0
washington,2,0.05,0.8430281690140845,1.75,2.42,65.51307981220657,1710.0
washington,3,0.05,0.8655372700871249,1.75,1.82,66.09844143272024,5700.0
washington,4,0.05,0.8248706004140787,2.25,2.4399999999999995,57.051449275362316,2196.48
washington,5,0.05,0.8791798107255521,1.8,1.0,67.30423501577287,3420.0
washington,6,0.05,0.8159610499576629,1.75,1.75,61.49279424216766,2516.4
washington,7,0.05,0.84128125,1.75,2.0,51.705299999999994,2520.0
washington,8,0.05,0.8557692307692307,1.75,1.88,54.908921490880246,1710.0
washington,9,0.05,0.8152617568766637,1.75,1.0,61.65139307897071,3075.0
washington,10,0.05,0.8592147435897436,1.8,0.5,65.74641025641026,2346.0
washington,11,0.05,0.8254012841091494,1.75,1.88,58.81463884430176,2520.0
washington,12,0.05,0.8440556809631302,1.75,1.7600000000000002,59.507366440933026,2764.8
wayne,1,0.05,0.7896706586826348,4.5,3.679999999999999,32.86395209580838,123.0
wayne,2,0.05,0.6853582554517134,1.75,2.4000000000000004,30.16252336448598,637.5
wayne,3,0.05,0.8748730964467005,1.75,1.7100000000000002,34.28187817258883,168.0
wayne,4,0.05,0.7637784090909091,1.75,4.89,33.168125,123.0
wayne,5,0.05,0.8517628205128205,1.75,4.440000000000001,39.09858974358974,201.0
wayne,6,0.05,0.7652930402930403,1.75,3.75,36.94230769230769,315.0
wayne,7,0.05,0.7529329608938548,1.75,3.94,38.25754189944134,637.5
wayne,8,0.05,0.7258793969849245,1.75,3.0,35.17276381909548,138.0
wayne,9,0.05,0.7854687499999999,1.75,6.929999999999999,41.6015625,210.0
wayne,10,0.05,0.7489457831325301,1.75,4.17,37.640662650602415,210.0
wayne,11,0.05,0.8168161434977579,1.75,1.46,43.37215246636771,210.0
wayne,12,0.05,0.7599765258215962,1.75,4.380000000000001,36.6575117370892,210.0
webster,1,0.05,0.7940411966650318,4.5,1.6500000000000004,47.61706228543404,1028.0400000000002
webster,2,0.05,0.777943279313632,2.4,1.6500000000000004,55.68164918970448,4209.0
webster,3,0.02,0.7900543267365153,2.4,0.5,50.513325572370974,1005.0
webster,4,0.05,0.7868220528910803,2.25,1.47,55.096530703720305,4095.0
webster,5,0.05,0.7820724980299448,4.5,1.5300000000000002,53.33714736012608,4830.0
webster,6,0.02,0.7882515751575158,2.25,2.25,56.75393789378938,3420.0
webster,7,0.05,0.8046715328467153,2.25,2.1500000000000004,53.01610218978102,2625.0
webster,8,0.05,0.7581671415004748,2.25,1.5,50.455598290598296,1710.0
webster,9,0.05,0.7959360095389507,1.8,1.2000000000000002,53.42862877583465,3330.0
webster,10,0.05,0.7925896504766228,2.25,1.5,56.34595551520653,2880.000000000001
webster,11,0.05,0.792794798717492,5.25,0.97,53.804428215176344,2520.0
webster,12,0.05,0.7474967907573813,5.25,0.9199999999999996,51.00867779204108,2070.0
winnebago,1,0.05,0.9841950261780104,2.25,2.1500000000000004,40.51180628272251,538.8000000000001
winnebago,2,0.05,0.9875415282392026,1.75,2.42,38.16086378737542,360.0
winnebago,3,0.05,0.9575900514579759,1.8,2.1500000000000004,42.29756432246998,360.0
winnebago,4,0.05,0.9919627749576988,1.75,2.38,39.168883248730964,255.0
winnebago,5,0.05,0.9941040462427745,2.25,1.75,44.83354913294797,1710.0
winnebago,6,0.05,0.9857675111773473,1.75,2.4399999999999995,37.214500745156485,234.36
winnebago,7,0.05,0.9595209580838324,1.75,1.75,40.02861077844311,1559.9999999999995
winnebago,8,0.05,0.9625207986688852,2.25,1.75,36.508835274542434,637.5
winnebago,9,0.05,0.9809731012658228,1.75,1.7600000000000002,39.74810126582278,228.0
winnebago,10,0.05,0.9272636484687083,1.75,0.5,41.582569906790944,1122.0
winnebago,11,0.05,0.9202736318407959,1.75,1.75,41.25744610281923,285.0
winnebago,12,0.05,0.9863597972972972,1.8,5.26,41.26479729729729,612.0
winneshiek,1,0.05,0.9499482401656314,1.8,2.4000000000000004,42.58241200828157,790.8000000000002
winneshiek,2,0.05,1.0359817813765182,2.25,2.35,47.02243927125506,570.0
winneshiek,3,0.05,0.9345577485380117,1.8,1.75,42.21534356725146,474.4800000000001
winneshiek,4,0.05,0.9568796641791045,2.25,1.75,46.73161380597015,690.0
winneshiek,5,0.05,0.9428600654664484,1.75,1.25,55.02793780687398,3135.0
winneshiek,6,0.02,0.9403797019162525,1.8,1.5,45.960099361249114,1368.0
winneshiek,7,0.05,0.9647435897435898,1.8,1.5,42.6641907051282,696.0
winneshiek,8,0.05,0.9628729915837796,1.8,1.88,47.90644223412395,1710.0
winneshiek,9,0.05,0.9297279792746114,1.8,1.0,48.15392055267703,594.0
winneshiek,10,0.05,0.9557580778790389,4.5,1.5,65.60708367854184,2880.0
winneshiek,11,0.05,0.9363854595336076,1.75,1.17,53.688148148148144,2921.9999999999995
winneshiek,12,0.05,0.9309360730593608,1.8,1.5300000000000002,45.73563926940639,1095.0
woodbury,1,0.02,0.7429665307270426,2.4,0.5,58.93295879623119,3960.0
woodbury,2,0.02,0.761341158059468,4.5,1.0,66.7190579029734,4902.960000000001
woodbury,3,0.02,0.7504127764127765,4.5,0.5,68.41895823095822,6840.0
woodbury,4,0.05,0.7224412433661865,2.4,0.5,62.32867172100076,5040.0
woodbury,5,0.05,0.7565293668954997,2.4,1.62,63.89942486651411,3763.199999999999
woodbury,6,0.02,0.7542860538827258,4.5,0.6000000000000001,63.91512202852615,3570.0
woodbury,7,0.05,0.7360087467737311,5.25,1.5,63.84066532836249,4410.0
woodbury,8,0.02,0.7655085551330799,4.5,2.0,69.22974493029152,6840.0
woodbury,9,0.05,0.7514754098360656,5.25,1.75,67.88947723132969,4181.760000000001
woodbury,10,0.05,0.743273727647868,2.4,1.61,71.67244154057772,5472.0
woodbury,11,0.05,0.7421779621223978,2.4,0.5,74.34309594615746,5550.0
woodbury,12,0.02,0.7293699818699818,5.25,0.5,64.1992501942502,3675.0
worth,1,0.05,0.9560185185185185,1.8,4.600000000000001,48.2784656084656,309.6
worth,2,0.05,0.9576315789473685,1.75,7.89,48.69235087719298,255.12
worth,3,0.05,0.9616666666666667,1.75,4.25,48.729263157894735,210.0
worth,4,0.05,0.9335399449035813,2.25,4.84,47.87903581267218,255.12
worth,5,0.05,0.8786764705882353,1.8,5.0,53.41691176470588,387.00000000000006
worth,6,0.05,0.9258928571428572,1.75,5.919999999999998,51.052337662337656,204.0
worth,7,0.05,0.9340240641711229,2.25,4.440000000000001,46.39187165775402,316.32000000000005
worth,8,0.05,0.9281914893617021,1.75,6.929999999999999,47.89414893617021,316.32000000000005
worth,9,0.05,0.8480853391684902,1.75,1.6500000000000004,48.97682713347921,392.4
worth,10,0.05,0.8832018927444796,1.75,2.4499999999999997,54.89779179810725,233.99999999999997
worth,11,0.05,0.9021538461538461,2.25,6.5,52.49698461538462,394.19999999999993
worth,12,0.05,0.8887468030690537,1.75,4.440000000000001,49.767647058823535,360.0000000000001
wright,1,0.05,0.8670599489795918,1.75,1.95,35.46570153061224,330.0
wright,2,0.05,0.859579772079772,1.75,1.75,42.27905982905983,655.5
wright,3,0.05,0.8871884735202493,1.75,2.38,42.30056074766355,336.0
wright,4,0.05,0.857578502415459,1.75,1.17,37.51012077294686,228.0
wright,5,0.05,0.9130689206762028,1.75,2.05,46.872184655396616,1140.0
wright,6,0.05,0.9097469220246238,1.75,1.17,41.54846785225718,345.0
wright,7,0.05,0.939875173370319,1.75,1.96,40.938640776699025,655.5
wright,8,0.05,0.9073429541595924,1.75,3.0,38.64747028862479,171.0
wright,9,0.05,0.8812395309882748,1.75,2.38,48.70393634840871,1665.0
wright,10,0.05,0.8862945838837516,1.75,1.96,43.60616908850727,690.0
wright,11,0.05,0.8734398782343988,1.75,2.25,51.43738203957382,1710.0
wright,12,0.05,0.826023890784983,1.75,2.34,42.021160409556316,525.0
